company_name,director,activity,founders,surname,name,patronymic,workplace,position
Общественное объединение по содействию немецким школьным проектам для сохранения и изучения немецкого языка в Кыргызстане,Акматбаев Уланбек Таберикович,Деятельность профессиональных общественных организаций (ассоциаций),"Фирляй Ирис Хильдегард, Шилле Вальтрауд Анна Марта, Габриэль Хайке, Эберт Антье, Акматбаев Уланбек Таберикович, Фах Армин Вильгельм Отто, Валл Яна, Хюсси Шмидт Катарина, Краут Штефан, Оторбаев Эринес Мотойович, Денисенко Надежда Ивановна, Франке Кай",Оторбаев,Эринес,Мотойович,Министерство иностранных дел,Чрезвычайный и Полномочный Посол  КР в Федеративной Республике Германия
"Общество с ограниченной ответственностью ""Дэфиса""",Ибраева Дамира Назарбековна,Предоставление разовых и прочих услуг по обеспечению пищей,"Качаганова Фаризат Шариповна, Оторбаев Эринес Мотойович, Ибраева Дамира Назарбековна",Оторбаев,Эринес,Мотойович,Министерство иностранных дел,Чрезвычайный и Полномочный Посол  КР в Федеративной Республике Германия
"Общество с ограниченной ответственностью ""Куман""",Шарипов Камалдин Шарипович,Производство минеральных вод и других безалкогольных напитков.(15.98.0),Шарипов Камалдин Шарипович,Шарипов,Жусупбек,Шарипович,Министерство иностранных дел,Чрезвычайный и Полномочный Посол КР в Государстве Кувейт
"Общественное объединение ""БЕРДИКЕ АТА""",Алымкулов Болоткан Исмаилович,"Деятельность прочих общественных организаций, не включенных в другие группировки","Алымкулов Болоткан Исмаилович, Атабаев Даниярбек Суйунович, Усенов Алмаз Карыпович, Айдосов Абдуросул Топчуевич, Жапаров Рахманберди Маматович , Нурбеков Садырбай Нарматович, Шарипов Дуйшеналы Шарипович",Шарипов,Жусупбек,Шарипович,Министерство иностранных дел,Чрезвычайный и Полномочный Посол КР в Государстве Кувейт
"Общество с ограниченной ответственностью ""NANO TECHNOLOGY"" (""НАНО ТЕХНОЛОДЖИ"")",Шарипов Диас Шарипович,"Оптовая  торговля прочим топливом, смазочными материалами, техническими маслами и т.п.",Шарипов Диас Шарипович,Шарипов,Жусупбек,Шарипович,Министерство иностранных дел,Чрезвычайный и Полномочный Посол КР в Государстве Кувейт
"Общество с ограниченной ответственностью ""Винклуб""",Шарипов Камалдин Шарипович,"производство алкогольной продукции, 15.91.0-11.01.0","Шарипов Камалдин Шарипович, Открытое Акционерное Общество ""Жузум-Шарап"" ",Шарипов,Жусупбек,Шарипович,Министерство иностранных дел,Чрезвычайный и Полномочный Посол КР в Государстве Кувейт
"Общественный фонд ""Этнокультурный социум уйгурских мукамов ""ЭСУМ""",Шарипов Джумахун Шарипович,Деятельность правозащитных общественных организаций (объединений),Шарипов Джумахун Шарипович,Шарипов,Жусупбек,Шарипович,Министерство иностранных дел,Чрезвычайный и Полномочный Посол КР в Государстве Кувейт
"ОО ""Мужское Здоровье""",Хакимходжаев Зуфар Шавкатович,,"Джунусова Венера Тологоновна, Хакимходжаев Зуфар Шавкатович",Джунусов,Болот,Тологонович,Министерство иностранных дел,Чрезвычайный и Полномочный Посол КР в Российской Федерации
"Общественный фонд ""Институт общественных коммуникаций""",Джунусова Венера Тологоновна,"Деятельность прочих общественных организаций, не включенных в другие группировки",Джунусова Венера Тологоновна,Джунусов,Болот,Тологонович,Министерство иностранных дел,Чрезвычайный и Полномочный Посол КР в Российской Федерации
"ООО ""Централ эйшн инвест""",Исаев Нурлан Кусеинович,,Исаев Нурлан Кусеинович,Исаев,Асеин,Кусеинович,Министерство иностранных дел,Чрезвычайный и Полномочный Посол КР в Королевстве Бельгия
"Общественный фонд ""Жаны Бостери""",Исаев Абдырай Кусеинович,"Деятельность прочих общественных организаций, не включенных в другие группировки","Уркунчиев Кубан Омурбекович, Мамытов Улукман Эсенбекович, Исаев Абдырай Кусеинович",Исаев,Асеин,Кусеинович,Министерство иностранных дел,Чрезвычайный и Полномочный Посол КР в Королевстве Бельгия
"ОсОО ""Гелиохор""",Чиналиев Автандил Кожомжарович,,"Алдашева Чинаркуль Байгазивна, Сулайманова Дарика Аширкловна, Джамгырчинов Маратбек Мукайбекович, Чиналиев Автандил  Кожомжарович",Чиналиев,Улукбек,Кожомжарович,Министерство иностранных дел,Экс-Чрезвычайный и Полномочный Посол КР в Украине
"У-е ""Клиника профессора Асымбековой Г.У.""",Асымбекова Гульнара Уметовна,,"Чиналиев Сергей Кожомжарович, Аманова Роза Асановна, Нифадьев Владимир Ивановуич",Чиналиев,Улукбек,Кожомжарович,Министерство иностранных дел,Экс-Чрезвычайный и Полномочный Посол КР в Украине
"ОсОО ""РТМ""",Чиналиев Автандил Кожомжарович,,"Чиналиев Автандил Кожомжарович (вышел из состава), null",Чиналиев,Улукбек,Кожомжарович,Министерство иностранных дел,Экс-Чрезвычайный и Полномочный Посол КР в Украине
"ОсОО ""Ала-Таш""",Чиналиев Олег Кожомжарович,,"Чиналиев Олег Кожомжарович, Кыштобаев Мухамед Асналиевич (вышел из состава учредителей), Шерлиев Заури Иванович",Чиналиев,Улукбек,Кожомжарович,Министерство иностранных дел,Экс-Чрезвычайный и Полномочный Посол КР в Украине
"Завод камнеобработки ""Ала-Таш""",Чиналиев Олег Кожомжарович,,"Чиналиев Олег Кожомжарович, Латифулин Рустам Зинорович",Чиналиев,Улукбек,Кожомжарович,Министерство иностранных дел,Экс-Чрезвычайный и Полномочный Посол КР в Украине
"ОсОО ""MXDMED""",Дадабаев Мурат Хасанович,,"Дадабаев Мурат Хасанович, Миррахимов Эркин Мирсаидович, Чиналиев Сергей Кожомжарович",Чиналиев,Улукбек,Кожомжарович,Министерство иностранных дел,Экс-Чрезвычайный и Полномочный Посол КР в Украине
"ОсОО ""Аристон""",Чиналиев Олег Кожамжарович,"Оптовая торговля прочими бытовыми электротоварами, кроме осветительного оборудования",Чиналиев Олег Кожомжарович,Чиналиев,Улукбек,Кожомжарович,Министерство иностранных дел,Экс-Чрезвычайный и Полномочный Посол КР в Украине
"Учреждение ""Центр дополнительного образования и консультаций ""СИМ плюс"" (""SIM plus"")",Ибраимова Гульмира Султановна,прочее образование,"Ибраимова Гульмира Султановна, Маразыкова Гульнара Бейшембаевна",Ибраимов,Эрмек,Султанович,Министерство иностранных дел,Чрезвычайный и Полномочный Посол КР в Республике Австрия
Общественный фонд «Центр Анализа Политики Здравоохранения»,Темиров Адылжан Айтперович,"Деятельность прочих общественных организаций, не включенных в другие группировки","Мурзалиева Гулгун Арстанбековна, Кожокеев Канатбек Кытаевич, Темиров Адылжан Айтперович, Дунганова Асель Эрнестовна, Акказиева Бактыгуль Имилевна, Ибраимов Айбек Султанович, Чечейбаев Эркин Маратович",Ибраимов,Эрмек,Султанович,Министерство иностранных дел,Чрезвычайный и Полномочный Посол КР в Республике Австрия
"Общество с ограниченной ответственностью ""Кадамжай Кенч""",Мирзаев Сабыржан Ташпулатович ,Разведочное бурение,"Мирзаев Сабыржан Ташпулатович , Исаков Толкунбек Талипович, Ибраимов Мурадил Султанович, Алексеева Ирина Михайловна, Усманов Жаныбек Женишович, Исакбекова Жанаргул Аскербековна, Ысаков Жусували Келдибекович",Ибраимов,Эрмек,Султанович,Министерство иностранных дел,Чрезвычайный и Полномочный Посол КР в Республике Австрия
"Акционерное общество закрытого типа ""Аудит-консалтинговая компания ""МЕТРОНОМ""",Казиева Айнура Керималиевна,Деятельность в области бухгалтерского учета и аудита,"Дыйканбаева Кулнаара Ибраимовна, Ибраимов Айбек Султанович, Казиева Айнура Керималиевна",Ибраимов,Эрмек,Султанович,Министерство иностранных дел,Чрезвычайный и Полномочный Посол КР в Республике Австрия
ОФ Национальный фонд Кыргызской Республики имени Султана Ибраимова,Ибраимова Эльмира Султановна,деятельность прочих общественных организаций не включенных в другие группировки,"Ибраимова Эльмира Султановна, Усенов К вышел из сос-ва учр-ей, Сейдылдаев Оскар Осеевич",Ибраимов,Эрмек,Султанович,Министерство иностранных дел,Чрезвычайный и Полномочный Посол КР в Республике Австрия
"Общественное объединение ""Сила Народной Воли""",Джумашева Айнура Аскарбековна,"Деятельность прочих общественных организаций, не включенных в другие группировки","Джумашева Айнура Аскарбековна, Ибраимова Гульмира Султановна, Коршунова Елена Вячеславовна",Ибраимов,Эрмек,Султанович,Министерство иностранных дел,Чрезвычайный и Полномочный Посол КР в Республике Австрия
Общественный фонд поддержки СШ №2 г. Бишкек,Муратова Чолпон Есенкуловна,"Деятельность прочих общественных организаций, не включенных в другие группировки","Ибраимова Гульмира Султановна, Бекназарова Куляра Тюлегеновна",Ибраимов,Эрмек,Султанович,Министерство иностранных дел,Чрезвычайный и Полномочный Посол КР в Республике Австрия
"ОсОО ""Престон тревел""",Наглева Тамара Витальевна,,"Буранова Фаризат Баймухамедовна, Нагиева Тамара Витальевна",Буранов,Айджигит,Баймухамедович,Министерство иностранных дел,Чрезвычайный и Полномочный Посол КР в Азербайджанской Республике
"ОсОО ""Лаачын-Ордо""",Омуралиева Айжан Касымовна,,Омуралиева Айжан Касымовна,Омуралиев,Кубанычбек,Касымович,Министерство иностранных дел,Чрезвычайный и Полномочный Посол  КР в Республике Беларусь
"Общественный Благотворительный Фонд ""Апрель Баатырлары""",Усманова Бактыгул Азамовна,"Деятельность прочих общественных организаций, не включенных в другие группировки","Усманова Бактыгул Азамовна, Омуралиева Токон Касымовна, Акеров Таалайбек Абдраманович",Омуралиев,Кубанычбек,Касымович,Министерство иностранных дел,Чрезвычайный и Полномочный Посол  КР в Республике Беларусь
"ООО ""НАЗАР""",Мансуров Жанар Уланбекович,,"Муратова Ырысбубу Насаровна, Омуралиева Токон Касымовна, Мансуров Жанар Уланбекович",Омуралиев,Кубанычбек,Касымович,Министерство иностранных дел,Чрезвычайный и Полномочный Посол  КР в Республике Беларусь
"Общественное объединение ""Секретариат по добросовестному управлению""",Омуралиев Кубанычбек Касымович,"Деятельность прочих общественных организаций, не включенных в другие группировки","Сооронбаев Акыбай Бакирович , Рыскулов Самарбек Курманалиевич , Омуралиев Кубанычбек Касымович ",Омуралиев,Кубанычбек,Касымович,Министерство иностранных дел,Чрезвычайный и Полномочный Посол  КР в Республике Беларусь
"ОсОО ""К.С.Д.""",Омуралиева Айжан Касымовна,,Омуралиева Айжан Касымовна,Омуралиев,Кубанычбек,Касымович,Министерство иностранных дел,Чрезвычайный и Полномочный Посол  КР в Республике Беларусь
"Общество с ограниченной ответственностью ""Aimitos group"" (Аймитос групп)",Омуралиева Токон Касымовна,Розничная торговля в палатках и на рынках прочими товарами,Омуралиева Токон Касымовна,Омуралиев,Кубанычбек,Касымович,Министерство иностранных дел,Чрезвычайный и Полномочный Посол  КР в Республике Беларусь
"Общественный фонд ""One Asia"" (""Единая Азия"")",Кутанов Эрик Асанбекович,Деятельность прочих общественных организаций не включенных в другие группировки,"Абдуразаков Авазбек Ишенбаевич, Кутанов Эрик Асанбекович, Давыдов Андрей Николаевич, Ажимудинов Кубан Токонович",Абдуразаков,Авазбек,Ишенбаевич,Министерство иностранных дел,Чрезвычайный и Полномочный Посол в Исламской Республике Афганистан
"Общественный фонд ""Свободное Общество""",Абдуразаков Мурат Ишенбаевич, пропаганда целей и задач Фонда в средствах массовой информации,"Сооданбеков Анарбек Кубанычбекович, Абдуразаков Мурат Ишенбаевич, Абдраева Кишимджан Мукашевна",Абдуразаков,Авазбек,Ишенбаевич,Министерство иностранных дел,Чрезвычайный и Полномочный Посол в Исламской Республике Афганистан
"ОсОО ""Asia Line Service Ltd"" (Эйша Лайн Сервис Лтд) в ОсОО ""Далия Бишкек"" (DALIYA Bishkek)",Гуламов Пархат Халитович,,"Муллахунов Сабыр Кенджиевич, Гуламов Пархат Халитович, Абдуразаков Авазбек Ишенбаевич",Абдуразаков,Авазбек,Ишенбаевич,Министерство иностранных дел,Чрезвычайный и Полномочный Посол в Исламской Республике Афганистан
"Общество с ограниченной ответственностью ""RKK CAPITAL""(РКК Капитал)",Мукашев Азамат Нурбекович,Оптовая неспециализированная торговля,"Шамкеев Уланбек Анарбекович, Абдуразаков Мурат Ишенбаевич, Исмаилов Кирилл Абдусаттарович",Абдуразаков,Авазбек,Ишенбаевич,Министерство иностранных дел,Чрезвычайный и Полномочный Посол в Исламской Республике Афганистан
"Общество с ограниченной ответственностью ""МАН""(""MAN"")",Мукашев Азамат Нурбекович,Оптовая неспециализированная торговля,"Барчакеев Бакыт Амангелдиевич, Абдуразаков Мурат Ишенбаевич, Мукашев Азамат Нурбекович",Абдуразаков,Авазбек,Ишенбаевич,Министерство иностранных дел,Чрезвычайный и Полномочный Посол в Исламской Республике Афганистан
"Общественное объединение ""Развитие гуманитарного пространства""",Искакова Гульнара Тентиевна,Деятельность правозащитных общественных организаций (объединений),"Готлиб Серегей Андреевич, Аманова Шарипа, Жунусова Алымкуль, Малабекова Анара Жолдошбековна, Абдыкалыков Эмиль Эсенбекович, Омуралиев Болотбек Турарбекович, Ибраимов Тамерлан Рыспекович, Мамасалиев Акылбек Мейманович, Ибраимова Эльмира Сыдыкбековна, Искакова Гульнара Тентиевна",Искакова,Гульнара,Тентиевна,Министерство иностранных дел,Чрезвычайный и Полномочный Посол КР в Великобритании и Северной Ирландии
000000,Ибраимов Тамерлан  Рыспекович,,"Ибраимов Расул Тамерлан, Искакова Гульнара Тентиевна, Ибраимов Тамерлан Рыспекович",Искакова,Гульнара,Тентиевна,Министерство иностранных дел,Чрезвычайный и Полномочный Посол КР в Великобритании и Северной Ирландии
"общественное объединение ""Развитие гуманитарного пространства""",Искакова Гульнара Тентиевна,Деятельность правозащитных общественных организаций (объединений),"Готлиб Серегей Андреевич, Аманова Шарипа, Жунусова Алымкуль, Малабекова Анара Жолдошбековна, Абдыкалыков Эмиль Эсенбекович, Омуралиев Болотбек Турарбекович, Ибраимов Тамерлан Рыспекович, Мамасалиев Акылбек Мейманович, Искакова Гульнара Тентиевна, Ибраимова Эльмира Сыдыкбековна",Искакова,Гульнара,Тентиевна,Министерство иностранных дел,Чрезвычайный и Полномочный Посол КР в Великобритании и Северной Ирландии
"ОсОО ""Лаачын-Ордо""",Омуралиева Айжан Касымовна,,Омуралиева Айжан Касымовна,Омуралиев,Эсенгул,Касымович,Министерство иностранных дел,Чрезвычайный и Полномочный Посол  КР в Республике Казахстан
"Общественный Благотворительный Фонд ""Апрель Баатырлары""",Усманова Бактыгул Азамовна,"Деятельность прочих общественных организаций, не включенных в другие группировки","Усманова Бактыгул Азамовна, Омуралиева Токон Касымовна, Акеров Таалайбек Абдраманович",Омуралиев,Эсенгул,Касымович,Министерство иностранных дел,Чрезвычайный и Полномочный Посол  КР в Республике Казахстан
"ООО ""НАЗАР""",Мансуров Жанар Уланбекович,,"Муратова Ырысбубу Насаровна, Омуралиева Токон Касымовна, Мансуров Жанар Уланбекович",Омуралиев,Эсенгул,Касымович,Министерство иностранных дел,Чрезвычайный и Полномочный Посол  КР в Республике Казахстан
"Общественное объединение ""Секретариат по добросовестному управлению""",Омуралиев Кубанычбек Касымович,"Деятельность прочих общественных организаций, не включенных в другие группировки","Сооронбаев Акыбай Бакирович , Рыскулов Самарбек Курманалиевич , Омуралиев Кубанычбек Касымович ",Омуралиев,Эсенгул,Касымович,Министерство иностранных дел,Чрезвычайный и Полномочный Посол  КР в Республике Казахстан
"ОсОО ""К.С.Д.""",Омуралиева Айжан Касымовна,,Омуралиева Айжан Касымовна,Омуралиев,Эсенгул,Касымович,Министерство иностранных дел,Чрезвычайный и Полномочный Посол  КР в Республике Казахстан
"Общество с ограниченной ответственностью ""Aimitos group"" (Аймитос групп)",Омуралиева Токон Касымовна,Розничная торговля в палатках и на рынках прочими товарами,Омуралиева Токон Касымовна,Омуралиев,Эсенгул,Касымович,Министерство иностранных дел,Чрезвычайный и Полномочный Посол  КР в Республике Казахстан
"Общество с ограниченной ответственностью ""Авангард-Бизнес""",Узакбаев Болотбек Узакбаевич,"Оптовая  торговля прочим топливом, смазочными материалами, техническими маслами и т.п.",Узакбаев Болотбек Узакбаевич,Узакбаев,Эмилбек,Узакбаевич,Министерство иностранных дел,Чрезвычайный и Полномочный Посол КР в Республике Узбекистан
"Общественный фонд политических исследований ""АЛЬТЕРНАТИВА ПЛЮС""",Абдылдаев Эрлан Бекешович,"Деятельность прочих общественных организаций, не включенных в другие группировки","Абдылдаев  Эрлан Бекешович, Сагынбаев Муратбек Орозбекович",Абдылдаев,Эрлан,Бекешович,Министерство иностранных дел Кыргызской Республики,Министр
"Общество с ограниченной ответственностью ""КООЗ ДАРЫЯ""",Янг Рой,"Прочее финансовое посредничество, не включенное в другие группировки","Янг Рой, Абдылдаев Эрлан Бекешович",Абдылдаев,Эрлан,Бекешович,Министерство иностранных дел Кыргызской Республики,Министр
"Обшество с ограниченной ответственностью ""ВИТА-ДС""",Сергеев Сергей Сергеевич,Деятельность в области общей врачебной практики,"Сергеев Сергей Сергеевич, Бешимов Джапар Жолчубекович",Бешимов,Аскар,Жолчубекович,Министерство иностранных дел Кыргызской Республики,Заместитель министра
"Обшество с ограниченной ответственностью ""ВИТА-ДС""",Бешимов Джапар Жолчубекович,Деятельность в области общей врачебной практики,"Сергеев Сергей Сергеевич, Бешимов Джапар Жолчубекович",Бешимов,Аскар,Жолчубекович,Министерство иностранных дел Кыргызской Республики,Заместитель министра
"Общественное объединение ""Союз Социальных Педагогов""",Кожошова Замира Манаповна,"Деятельность прочих общественных организаций, не включенных в другие группировки","Джакубова Нуржамал Ибраевна, Ашымбаева Токтобубу Абасовна, Эшмуратова Зайнап Тажиевна, Амерханова Сания Ахмедовна, Кожошова Замира Манаповна",Ашымбаева,Токтобубу,Абасовна,Министерство образования и науки Кыргызской Республики,Заместитель министра
"ОсОО ""Медфарминфо""",Бейшеналиев Алымкадыр Савирдинович,,"Кадыров Азамат Анварбекович, Сариева Эльвира Кубанычбековна (вышла из состава участников), Байбосунова Гульмира Керимбековна, Ахметова Майра Исаевна, Джолдошева Чынара Сабатбековна",Сариева,Эльвира,Кубанычбековна,Министерство образования и науки Кыргызской Республики,Министр
"Общественный фонд ""Гипи"" (старое наименование ОФ Социально-экономической адаптации потребителей ""Гражданское общество"")", Матеев Уланбек Асылбекович,"Деятельность прочих общественных организаций, не включенных в другие группировки","Сариева Эльвира Кубанычбековна, Пшеничков Михаил Алексеевич, Алымбаев Нурлан Сатылканович, Жеребко Олег Валентинович, Майчиев Шамарал Юсупович (вышла из состава), Мамбеталиева Таттугул Эмилбековна",Сариева,Эльвира,Кубанычбековна,Министерство образования и науки Кыргызской Республики,Министр
"Общество с ограниченной ответственностью ""Сейдим""",Сариев Дамир Кубанычбекович,Оптовая неспециализированная торговля,Сариева Нургул Кубанычбековна,Сариева,Эльвира,Кубанычбековна,Министерство образования и науки Кыргызской Республики,Министр
"Общество с ограниченной ответственностью ""Центр по обучению гостиничному и ресторанному делу""",Иманбердиев Досаалы Чоюбекович,"Прочая деятельность в области образования, не включенная в другие группировки","Шадыханов Калысбек Токтосунович, Иманбердиев Досаалы Чоюбекович, Арстакеев Даниял Советович, Мавялнов Абдырахман Субанкулович, Мырзалиев Болат Атымтаевич, Темирбаев Курманбек Токтосунович",Шадыханов,Калысбек,Токтосунович,Министерство образования и науки Кыргызской Республики,Статс-секретарь
"Общество с ограниченной ответственностью ""Филиз"" ",Шадыханов Эмиль Токтосунович,,"Шадыханов Эмиль Токтосунович, Исмет Оруч (вышел из состава участников)",Шадыханов,Калысбек,Токтосунович,Министерство образования и науки Кыргызской Республики,Статс-секретарь
"Общество с ограниченной ответственностью ""Мээнет""",Шадыханов Эмиль Токтосунович,Сбор безопасных отходов,Шадыханов Эмиль Токтосунович,Шадыханов,Калысбек,Токтосунович,Министерство образования и науки Кыргызской Республики,Статс-секретарь
"ОсОО ""Центрально-Азиатская группа интеграции и развития""",Бекбоев Адилет Зарлыкович,Исследования и разработки в области общественных и гуманитарных наук,Бекбоев Адилет Зарлыкович,Бекбоев,Адилет,Зарлыкович,Министерство образования и науки Кыргызской Республики,Заместитель министра
"Общественное объединение ""Инициатива 15""",Минбаев Сардар Мукашевич,"Деятельность прочих общественных организаций, не включенных в другие группировки","Кудайбергенов Артык Майрамбекович, Минбаев Сардар Мукашевич, Байыш уулу Канатбек, Жоробеков Айдарбек Жолборсович, Молдокадыров Айбек Асыранкулович, Джумаканов Мустафа Бейшенбаевич, Бекбоев Адилет Зарлыкович, Джунушев Улан Шаршеналиевич, Болотбеков Самарбек",Бекбоев,Адилет,Зарлыкович,Министерство образования и науки Кыргызской Республики,Заместитель министра
"Кыргызско-Казахское Общество с ограниченной ответственностью ""MEN""",Бекбоев Джолдошбек Доталиевич,Оптовая неспециализированная торговля,"Бекбоев Джолдошбек Доталиевич, Кудинов Александр Анатольевич, Королев Юрий Вячеславович",Бекбоев,Турдуназир,,Министерство сельского хозяйства и мелиорации Кыргызской Республики,Министр
"Общество с ограниченной отчетственностью ""Ак-Тилек""",Бекбоева Асылбубу Эсенамановна,Производство хлеба и мучных кондитерских изделий недлительного хранения,Бекбоева Асыл Эсенамановна,Бекбоев,Турдуназир,,Министерство сельского хозяйства и мелиорации Кыргызской Республики,Министр
"Общество ограниченной ответственностью ""REP""",Бекбоев Эркинбек Бекбоевич,Установка оборудования контроля за технологическими процессами,Бекбоев Эркинбек Бекбоевич,Бекбоев,Турдуназир,,Министерство сельского хозяйства и мелиорации Кыргызской Республики,Министр
"ОсОО  "" REP ''",Бекбоев Эркинбек Бекбоевич,,Бекбоев Эркинбек Бекбоевич,Бекбоев,Турдуназир,,Министерство сельского хозяйства и мелиорации Кыргызской Республики,Министр
"Общественное объединение ""Тянь-Шань-Эко""",Ибраев Эмильбек Бекбоевич,деятельность прочих ассоциаций и объединений не включенных в другие группировки,"Ибраев Эмильбек Бекбоевич, Бектемиров Алымжан Казыбаевич, Жолдошова Умут Кочорбаева, Курманбаевна Кульжан Абикировна",Бекбоев,Турдуназир,,Министерство сельского хозяйства и мелиорации Кыргызской Республики,Министр
"Общественный фонд ""Айдос-2""",Токторбаев Чынгызсхан Истамбекович,благотворительная деятельность,"Токторбаев Чынгызсхан Истамбекович, Бекбоева Кульнара Шариповна, Мамурханов Замирбек Жумабаевич",Бекбоев,Турдуназир,,Министерство сельского хозяйства и мелиорации Кыргызской Республики,Министр
"Общественный фонд ""Федерация бильярдного спорта Жалал-Абадской области""",Бекбоев Турдиназир Бекбоевич,развитие бильярдного спорта в Жалал-Абадской области,Бекбоев Турдиназир Бекбоевич,Бекбоев,Турдуназир,,Министерство сельского хозяйства и мелиорации Кыргызской Республики,Министр
"Общество с Ограниченной Ответственностью ""GRAND KG"" (Гранд Кей Джи)",Бекбоев Ринат Болотбекович,Оптовая торговля широким ассортиментом товаров,Бекбоев Ринат Болотбекович,Бекбоев,Турдуназир,,Министерство сельского хозяйства и мелиорации Кыргызской Республики,Министр
Общество с ограниченной отвественностью «ЭКО-групп»,Асаналиев Ганы Бекбоевич ,удаление и обработка твердых отходов,"Айманбетов Даурен Зарлыкович, Асаналиев Ганы Бекбоевич ",Бекбоев,Турдуназир,,Министерство сельского хозяйства и мелиорации Кыргызской Республики,Министр
"Общество с ограниченной ответственностью ""Чолпон-Ата Лэнд""",Андакеев Кубаныч Даирович,Оптовая торговля широким ассортиментом товаров без какой либо конкретизации,"Бекбоева Венера Асанкуловна, Андакеев Кубаныч Даирович",Бекбоев,Турдуназир,,Министерство сельского хозяйства и мелиорации Кыргызской Республики,Министр
"Общество с ограниченной ответственностью ""WHITE SPRING"" (""УАЙТ СПРИН"")",Керимбеков Замирбек Бекбоевич,Деятельность агентов по оптовой торговле товарами широкого ассортимента,"Афтаб Танвир, Керимбеков Замирбек Бекбоевич",Бекбоев,Турдуназир,,Министерство сельского хозяйства и мелиорации Кыргызской Республики,Министр
"ОсОО ""Центрально-Азиатская группа интеграции и развития""",Бекбоев Адилет Зарлыкович,Исследования и разработки в области общественных и гуманитарных наук,Бекбоев Адилет Зарлыкович,Бекбоев,Турдуназир,,Министерство сельского хозяйства и мелиорации Кыргызской Республики,Министр
"Общественный фонд ""Нарынский центр изучения языков""",Бекбоева Наристе Токтосуновна,"Прочая деятельность в области образования, не включенная в другие группировки","Идирисова Жумагул Ниязбековна, Бекбоева Наристе Токтосуновна",Бекбоев,Турдуназир,,Министерство сельского хозяйства и мелиорации Кыргызской Республики,Министр
"Учреждение ""Институт Международного Бизнеса""",Турдукулов Феликс Законович,Вспомогательная деятельность в области образования,"Бекбоев Аскарбек Абдыкадырович, Турдукулов Феликс Законович, Джангазиев Эмиль Шакирович",Бекбоев,Турдуназир,,Министерство сельского хозяйства и мелиорации Кыргызской Республики,Министр
"Общество с ограниченной ответственностью Микрокредитная компания ""АИТЭ""",Мамытов Канатбек Усенбекович,,"Орозгоджоева Рыскуль Бекбоевна, Исраилов Таалайбек Райканович, Мамытов Канатбек Усенбекович",Бекбоев,Турдуназир,,Министерство сельского хозяйства и мелиорации Кыргызской Республики,Министр
"Сельскохозяйственный кооператив ""Ш.Ы.К. ТаН""",Тултуков Улан Кежалиевич,Растениеводство в сочетании с животноводством,"Сыдыкова Акылбубу Жолочуевна, Тултуков Улан Кежалиевич, Тултуков Жумабек Ибиралиевич, Нуралы уулу Мырзабек, Тенирберген уулу Рахатбек, Токтогазиева Камила Дуйшонбуевна, Жунушова Розакан Бекбоевна, Тултуков Кумарбек Кудайбергенович",Бекбоев,Турдуназир,,Министерство сельского хозяйства и мелиорации Кыргызской Республики,Министр
"Общество с ограниченной ответственностью ""Ал-Чин""",Бекбоев Жумабай Самидинович,Строительство жилых и нежилых зданий,Бекбоев Жумабай Самидинович,Бекбоев,Турдуназир,,Министерство сельского хозяйства и мелиорации Кыргызской Республики,Министр
"Общество с ограниченной ответственностью ""Асем Транс""",Айткулов Мухамед Ахметжанович,Деятельность наземного транспорта по городским и пригородным пассажирским перевозкам,"Айткулов Мухамед Ахметжанович, Бейшебаева Анара Акжоловна , Бекбоева Гуля Шаршеевна ",Бекбоев,Турдуназир,,Министерство сельского хозяйства и мелиорации Кыргызской Республики,Министр
"ОсОО ""Альмеки""",Исмилов Азамат Адылбекович,,"Исмаилов Азамат Адылбекович, Бокушев Канатбек Бекбоевич",Бекбоев,Турдуназир,,Министерство сельского хозяйства и мелиорации Кыргызской Республики,Министр
"Общественное объединение ""Садоводов ""Билим""  Кыргызского государственного университета им. И.Арабаева""",Дуйшеналиев Чынарбек,"Деятельность прочих общественных организаций, не включенных в другие группировки","Бектуров Эрмек Шакирович , Алымкулов Замирбек Аманбекович , Бекбоев Кубаныч Айдарбекович , Садыкова Наргиля Жанышевна",Бекбоев,Турдуназир,,Министерство сельского хозяйства и мелиорации Кыргызской Республики,Министр
"Общество с ограниченной   ответственностью ""Таш-Рабат Тревел""",Акматалиев Алмазбек Акматалиевич,Прочая деятельность туристических агентств,"Акматалиев Алмазбек Акматалиевич, Омуров Нурлан Кубатович, Бекбоева Махабат Амантуровна",Бекбоев,Турдуназир,,Министерство сельского хозяйства и мелиорации Кыргызской Республики,Министр
"ООО ""СТРОЙ-САМ"" (изв об изм. рук-ля от 25.06.07)",Ыбыкеев Багымбек Бегалиевич,,"Бекбоев Азамат Чынтемирович, Сабыров Самат Озгорушович",Бекбоев,Турдуназир,,Министерство сельского хозяйства и мелиорации Кыргызской Республики,Министр
Сельское общественное объединение потребителей питьевой воды им Балтабай,Бекбоев Кайбылда Айсариевич,"Деятельность прочих общественных организаций, не включенных в другие группировки","Бекбоев Кайбылда Айсариевич и другие согласно учредительных документов, Замените на физическое лицо 2, Замените на физическое лицо 3",Бекбоев,Турдуназир,,Министерство сельского хозяйства и мелиорации Кыргызской Республики,Министр
"ОсОО ""ДЖАЛЕД"" (ИУ-Казахстан)",Бекбоев Джолдошбекович Доталиевич,,"Бекбоев Джолдошбек Доталиевич, Смирнов Александр Борисович",Бекбоев,Турдуназир,,Министерство сельского хозяйства и мелиорации Кыргызской Республики,Министр
"ООО ""Ак-Мээнет строй""",Бекбоев Токтобек Сабирдинович,,Бекбоев Токтобек Сабирдинович,Бекбоев,Турдуназир,,Министерство сельского хозяйства и мелиорации Кыргызской Республики,Министр
"ОсОО ""ББС"" (ИУ-Турция)",Мацегора Александр Викторович,,"Бекбоев Бакырдин Замирович, Саркисов Гарегин Сергеевич, Бодуроглу Камиль",Бекбоев,Турдуназир,,Министерство сельского хозяйства и мелиорации Кыргызской Республики,Министр
"Общественное объединение по защите интересов ВИЧ-инфицированных и больных СПИДом и профилактике распространения ВИЧ/СПИД ""Коз караш"" ",Иманалиева Дамира Жапыевна,"Деятельность прочих общественных организаций, не включенных в другие группировки","Иманалиева Дамира Джапыевна, Исмаилова Айгуль Джапаргазиевна, Шонкоров Нурлан Эркинбаевич, Иманалиева Жыпаркуль Джапыевна, Исмаилова Рахат Асылбековна, Шайдиев Джапар Абдылдаевич, Кебекбаева Ранохан Борбуевна, Сулайманова Бактыгуль Турусбековна, Шейшекеева Рита Бекбоевна, Турдубаев Жаныбек Абдразакович, Эльчебаев Канат Пулатович",Бекбоев,Турдуназир,,Министерство сельского хозяйства и мелиорации Кыргызской Республики,Министр
"Кредитный союз ""Айлим""",Байтакова Эркингул Субанбековна,Предоставление кредита,"Абдыкапаров Максат Артисбекович, Надырбеков Кубатбек Темирбекович, Кадырмамбетов Нуркалый Таштанбекович, Миназарова Жылдыз Сайдиновна, Бекбоев Нурталаай Айтбекович, Кадырова Назира Калыковна, Байсамакова Гулуйпа Абдылдаевна, Абылгазиев Мелисбек Тотуяевич, Сапарбаева Назима Таалайбековна, Абдылдаева Анаркан Бекбосуновна, Байтакова Эркингул Субанбековна, Чумодоев Адеп Карыпович",Бекбоев,Турдуназир,,Министерство сельского хозяйства и мелиорации Кыргызской Республики,Министр
"Общество с ограниченной ответственностью ""Юг-Феррум""",Бекбоев Шамурза Чоноозович,Деятельность агентов по оптовой торговле древесиной и строительными материалами,Бекбоев Шамурза Чоноозович ,Бекбоев,Турдуназир,,Министерство сельского хозяйства и мелиорации Кыргызской Республики,Министр
"ОсОО ""Медицинский центр Доктора Бекбоева""",Бекбоев Темирбек Бекбоевич,,Бекбоев Темирбек Бекбоевич,Бекбоев,Турдуназир,,Министерство сельского хозяйства и мелиорации Кыргызской Республики,Министр
"ОсОО ""Педагогика века""",Джаанбаев Сейитбек,,"Бекбоева Чолпон Шамшидиновна, Джаанбаев Сейитбек",Бекбоев,Турдуназир,,Министерство сельского хозяйства и мелиорации Кыргызской Республики,Министр
"Кредитный союз ""КАС-Кул""",Кырчообаев Асанбай Сыдыгалиевич,Предоставление кредита,"Кадырова Токтобубу Кадыровна, Сыдыгалиева Нургуль Болотбековна, Айдаров Мамыт, Айдарова Жумабубу, Бекбоев Тынымсеит, Ирискелдиева Гульсара Асангазиевна, Шаршекова Кыял Турдубековна, Бекбоев Азамат Тынымсеитович, Чондоев Ырысбек Тынайбекович, Чылакунова Майрамкул Шамшыбековна, Кырчообаев Асанбай Сыдыгалиевич",Бекбоев,Турдуназир,,Министерство сельского хозяйства и мелиорации Кыргызской Республики,Министр
"ОсОО ""Дирасуу""",Маанаева Диляра Эгембердиевна,Деятельность такси по перевозке пассажиров,"Маанаева Диляра Эгембердиевна, Бекбоева Рахат Рымбековна",Бекбоев,Турдуназир,,Министерство сельского хозяйства и мелиорации Кыргызской Республики,Министр
"Республиканская общественно-политическая партия ""Партия застройщиков Кыргызстана""","Асанбеков Нурлан Дуйшеналиевич, Рысбеков Жыргалбек Озубекович, Абдырасаков Бейшенбек Токтобаевич",Деятельность политических организаций,"Нургазиев Абыш, Абырасаков Бейшенбек Токтобаевич, Айткулов Муктарбек Мукулович, Бекбоев Чынтемир Бакасович, Акматов Бактыбек Ташболотович, Нурманбетов Усен Айтманович, Чокоев Жумабек Алакунович, Абыкаев Медетбек Кумарбекович, Маметов Курманбек Насирович, Рысбеков Жыргалбек Озубекович",Бекбоев,Турдуназир,,Министерство сельского хозяйства и мелиорации Кыргызской Республики,Министр
"ОсОО ""Тех-Маркет""",Бекбоев Нурбек Асанбекович,,Бекбоев Нурбек Асанбекович,Бекбоев,Турдуназир,,Министерство сельского хозяйства и мелиорации Кыргызской Республики,Министр
"Общественный благотворительный фонд ""Благотворительный фонд русского языка ""Русь""",Бекбоев Бакытбек Сагыналиевич,,"Усубалиев Турдакун Усубалиевич, Бекбоев Бакытбек Сагыналиевич, Балтабаев Ташболот, Жураев Бурибай Жураевич, Гогаев Борис Хамитович",Бекбоев,Турдуназир,,Министерство сельского хозяйства и мелиорации Кыргызской Республики,Министр
"Общество с ограниченной ответственностью ""Технический центр""",Исанов Атабек Джолдошпаевич,Ремонт прочих предметов личного пользования и бытовых товаров,"Ибраев Талантбек Бекбоевич,  Колесников Александр Феодорович,  Чернов Геннадий Васильевич",Бекбоев,Турдуназир,,Министерство сельского хозяйства и мелиорации Кыргызской Республики,Министр
"Общественное объединение ""Страницы истории""",Бекбоева Зайра Осмоновна,Деятельность библиотек и архивов,"Сейдиматова Чынара Молдосановна, Жапарова Гульмира Дюшеевна, Бекбоева Зайра Осмоновна, Купешова Эльнара Бекбоевна, Калыкова Эльмира",Бекбоев,Турдуназир,,Министерство сельского хозяйства и мелиорации Кыргызской Республики,Министр
"ОсОО ""Медтур""",Бекбоева Рыскуль,,Бекбоева Рыскуль Жумакадыровна,Бекбоев,Турдуназир,,Министерство сельского хозяйства и мелиорации Кыргызской Республики,Министр
"ОсОО ""Кенеш-Трейдинг""",Бекбоев Нурбек Асанбекович,,Бекбоев Нурбек Асанбекович,Бекбоев,Турдуназир,,Министерство сельского хозяйства и мелиорации Кыргызской Республики,Министр
"ОсОО ""Адис-фарм""",Бекбоева Аныйпа Эсенамановна,,Бекбоева Аныйпа Эсенамановна,Бекбоев,Турдуназир,,Министерство сельского хозяйства и мелиорации Кыргызской Республики,Министр
"ОсОО ""Агрофирма""Интеграл""",Рахматов Бакир Токтоналиевич,,"null, Бекбоев Зарлык Шаршеевич, Рахматов Бакир Токтоналиевич",Бекбоев,Турдуназир,,Министерство сельского хозяйства и мелиорации Кыргызской Республики,Министр
"Общественный фонд ""Шарип-Ата""",Абдыкадыров Абдурасул,благотворительность,"Ташматова Р , Жумаев Т , Абдыкадыров А , Жаркынбаева С, Жолдошева Т , Турганбаев К , Насирдин кызы Нуриля , Матиева С , Чомоева З , Машаев Орозмамат , Абдыкадырова Таажи, Тажибаева Гулай , Калбаев Абазбек , Калыкова Венера , Бекбоева Валентина , Абдилазов Ысмайыл , Каралаев Жусупбек , Алимова Гулсара , Салиев Курманбек , Койчиева Б , Ибраимов З, Бердигулов К , Касымалиева Б , Жаркынбаева З, Ташибекова С , Токторбаева Т , Арапбаева Р, Калыбекова Ч ",Бекбоев,Турдуназир,,Министерство сельского хозяйства и мелиорации Кыргызской Республики,Министр
"ОсОО ""INTER BUILD"" ""ИНТЕР БИЛД""",Ниязбаев Аип Сулайманович,,"Николаева Галина Петровна, Асаналиева Рыская Кулевна, Бекбоев Зарлык Шаршеевич, Ниязбаев Аип Сулайманович, Колосова Людмила Петровна, Омурзаков Кубаныч Доленович, Калимов Махмуд Хамидович",Бекбоев,Турдуназир,,Министерство сельского хозяйства и мелиорации Кыргызской Республики,Министр
"Сельскохорзяйственный потребительский кооператив ""Алтын-Кол-6""",Ибраева Тынара Шаймердиновна,Выращивание зерновых культур (кроме риса и гречихи),"Исаева Нарынкуль Жолочуевна, Ибраев Таласбек Бекбоевич, Ибраев Талантбек Бекбоевич, Буржуев Талайбек Тагаевич, Алжанбаев Таалайбек Жаилканович, Ибраева Тынара Шаймердиновна",Бекбоев,Турдуназир,,Министерство сельского хозяйства и мелиорации Кыргызской Республики,Министр
"Некоммерческий кооператив ""Сельскохозяйственный потребительский кооператив ""Барс-Б""",Орозакунов Омурбек Жумадылович,Выращивание зерновых культур (кроме риса и гречихи),"Замените на физическое лицо 1, Замените на физическое лицо 2, Замените на физическое лицо 3, Замените на физическое лицо 4, Замените на физическое лицо 5, Замените на физическое лицо 6, Замените на физическое лицо 7, Замените на физическое лицо 8, Замените на физическое лицо 9, Замените на физическое лицо 10, Орозакунов Омурбек Жумадылович, Океева Венера Бекбоевна, Батыкеев Токон Иманмолдлоевич и другие",Бекбоев,Турдуназир,,Министерство сельского хозяйства и мелиорации Кыргызской Республики,Министр
"Общество с ограниченной ответственностью ""Биоветмеди""(Biovetmedi)",Аматов Медербек Саитович,Ветеринарная деятельность,"Аматов Медербек Саитович, Маширапов Айтбай Туратбекович, Султангазиев Анвар Бекбоевич, Атабеков Сагынбай Апсаматович",Бекбоев,Турдуназир,,Министерство сельского хозяйства и мелиорации Кыргызской Республики,Министр
"Общество с ограниченной ответственностью ""Ar-Dan"" (""Ар-Дан"")",Уралиев Бактыбек Абдраевич,Оптовая торговля шкурами и  кожей,Алиева Айгуль Бекбоевна,Бекбоев,Турдуназир,,Министерство сельского хозяйства и мелиорации Кыргызской Республики,Министр
"Политическая партия ""Чоӊ казат""",Акимов Турат Кудайбергенович,Деятельность политических организаций,"Аманкулов Канат Маратович, Алымкулов Айбек Бекболотович, Аматов Бегиш, Мамытканов Максат Суйуналиевич, Апаитов Акылбек Маданбекович, Мукамбеков Алибек Айбекович, Асаналиев Ганы Бекбоевич, Кожокулова Назгуль Насымкуловна, Абдраимов Азирет Маратович, Акимов Турат Кудайбергенович",Бекбоев,Турдуназир,,Министерство сельского хозяйства и мелиорации Кыргызской Республики,Министр
"Общественное объединение ""Инициатива 15""",Минбаев Сардар Мукашевич,"Деятельность прочих общественных организаций, не включенных в другие группировки","Кудайбергенов Артык Майрамбекович, Минбаев Сардар Мукашевич, Байыш уулу Канатбек, Жоробеков Айдарбек Жолборсович, Молдокадыров Айбек Асыранкулович, Джумаканов Мустафа Бейшенбаевич, Бекбоев Адилет Зарлыкович, Джунушев Улан Шаршеналиевич, Болотбеков Самарбек",Бекбоев,Турдуназир,,Министерство сельского хозяйства и мелиорации Кыргызской Республики,Министр
"Общество с ограниченной ответственностью ""Этна трейд""",Давлетова Асель Каныбековна,"Оптовая торговля молочными продуктами, яйцами, пищевыми маслами и жирами",Керимбеков Замирбек Бекбоевич,Бекбоев,Турдуназир,,Министерство сельского хозяйства и мелиорации Кыргызской Республики,Министр
"Общество с ограниченной ответственностью ""Бабек Майнинг Компани""",Бекбоев Эмиль Исакович,41.20.0 общее строительство,"Бекбоев Эмиль Исакович, Общество с ограниченной ответственностью ""Фирма ""БАБЕК ЛТД"" ""BABEK LTD""",Бекбоев,Турдуназир,,Министерство сельского хозяйства и мелиорации Кыргызской Республики,Министр
"Общество с ограниченной ответственностью ""Запад-Сервис""",Абасов Бектур Нуржанович,Оптовая неспециализированная торговля,"Бекбоев Замир Исакович, Измаилов Аскар Бекматович, Абасов Бектур Нуржанович, Морозов Павел Александрович, Замените на физическое лицо 1",Бекбоев,Турдуназир,,Министерство сельского хозяйства и мелиорации Кыргызской Республики,Министр
"Общественный фонд ""Благотворительный Фонд Русского языка ""Русь и К""",Бегимбетов Улугбек Машариповича,"деятельность прочих общественных организаций, не включенных в другие группировки                 94.99.9",Бекбоев Бакытбек Сагыналиевич,Бекбоев,Турдуназир,,Министерство сельского хозяйства и мелиорации Кыргызской Республики,Министр
"Общество с ограниченной ответственностью ""БИК-4""",Бекбоев Болот Джумадилович,Оптовая неспециализированная торговля,Бекбоев Болот Джумадилович,Бекбоев,Турдуназир,,Министерство сельского хозяйства и мелиорации Кыргызской Республики,Министр
"Общественное объединение ""Попечители средней школы имени Д.Иманова""",Сансыбаев Баракан Кайбылдаевич,Деятельность общественных организаций 94.11.0,"Сансыбаев баракан Кайбылдаевич, Айтахунова Рахат Рахимовна, Бекбоева Жамиля Балбаковна",Бекбоев,Турдуназир,,Министерство сельского хозяйства и мелиорации Кыргызской Республики,Министр
"Общественное молодежное объединение ""Маман""",Сатиев Айбек Алымович,деятельность прочих общественных организаций код 94.92.0,"Иманбеков Урмат Бектурович, Асеков Нурбек Тилекович, Бекбоев Кылыч Шейшеевич",Бекбоев,Турдуназир,,Министерство сельского хозяйства и мелиорации Кыргызской Республики,Министр
"Общественное объединение ""Ак-Ой""",Курманова Нуржамал Кулманбетовна,"Деятельность прочих общественных организаций, не включенных в другие группировки","Курманова Нуржамал Кулманбетовна, Орузбаева Кулум Бекбоевна, Сокеева Мейизган Бейшаалиевна",Бекбоев,Турдуназир,,Министерство сельского хозяйства и мелиорации Кыргызской Республики,Министр
"Общество с ограниченной ответственностью ""Альфа-Д""",Бекбоев Болот Джумадилович,46.49.0. Оптовая торговля непродовольственными товарами потребительского назначения.,Бекбоев Болот Джумадилович,Бекбоев,Турдуназир,,Министерство сельского хозяйства и мелиорации Кыргызской Республики,Министр
"Общество с ограниченной ответственностью ""САНГАЗИ""",Керимбеков Замирбек Бекбоевич,46.32.0. Оптовая торговля мясом  и мясными продуктами.,"Керимбеков Замирбек Бекбоевич, Керимбеков Медер Замирбекович, Керимбекова Шекер Дамировна",Бекбоев,Турдуназир,,Министерство сельского хозяйства и мелиорации Кыргызской Республики,Министр
"Общество с ограниченной ответственностью ""Bek-Tour Group"" (Бек-Тур Групп)",Бекбоев Нурлан Эсенжанович,"прочая деятельность, относящаяся к пассажирким и грузовым перевозкам                63.23.9",Бекбоев Нурлан Эсенжанович,Бекбоев,Турдуназир,,Министерство сельского хозяйства и мелиорации Кыргызской Республики,Министр
"Общество с ограниченной ответственностью ""Glori Lord"" ""Глори Лорд""",Молдокулова Нурзада Бекбоевна,Прочая деятельность туристических агентств,"Мендикулова Фатима Джанибековна, Молдокулова Нурзада Бекбоевна",Бекбоев,Турдуназир,,Министерство сельского хозяйства и мелиорации Кыргызской Республики,Министр
"Общество с ограниченной ответственностью  "" Каганат - Строй""",Бекбоев Замирбек,общее строительство зданий              45.21.1,"Бекбоев Азамат Замирбекович, Искандерова Чинара Казыевна",Бекбоев,Турдуназир,,Министерство сельского хозяйства и мелиорации Кыргызской Республики,Министр
"Общество с ограниченной ответственность ""Башат Эко Прод""",Мусабаев Талайбек Турдумбекович,другие услуги по выращиванию сельскохозяйственной продукции,"Керимбеков Замирбек Бекбоевич, Арбуду Кемаз Арлиевич, Арбуду Севаз Арлиевич, Бронфель Сергей Михалович, Мусабаев Талайбек Турдумбекович",Бекбоев,Турдуназир,,Министерство сельского хозяйства и мелиорации Кыргызской Республики,Министр
"Общество с ограниченной отчетственностью ""Ак-Тилек""",Бекбоева Асылбубу Эсенамановна,Производство хлеба и мучных кондитерских изделий недлительного хранения,Бекбоева Асыл Эсенамановна,Бекбоев,Турдуназир,,Министерство сельского хозяйства и мелиорации Кыргызской Республики,Министр
"Совместное Кыргызско-Узбекское Общество с ограниченной ответственностью""Слакман-Башат""",Керимбеков Замирбек Бекбоевич,внешняя торговля негосударственных организаций,"Керимбеков Замирбек Бекбоевич, Абилдаев Болот Ералханович, Азизов Салиджан Закирович",Бекбоев,Турдуназир,,Министерство сельского хозяйства и мелиорации Кыргызской Республики,Министр
"ОсОО СП ""Бак Хай Тех ЛтД."" (ИУ-Израиль) (Кыргызско-Израильское Совместное предприятие ""Бак Хай Тех ЛтД"")",Мецегора Александр Викторович,,"Кнебель (Кнебелис) Гедальяу (Геннадий), Бекбоев Замир Исакович",Бекбоев,Турдуназир,,Министерство сельского хозяйства и мелиорации Кыргызской Республики,Министр
Общество с ограниченной ответственностью «Pinta Pub» (Пинта Паб),Бекбоев Бакырдин Замирович,Предоставление прочих услуг ресторанами,"Уваров Анатолий Васильевич, Акенеев Азамат Жумакадырович , Карымшаков Жаныбек Кенешбекович, Бекбоев Бакырдин Замирович ",Бекбоев,Турдуназир,,Министерство сельского хозяйства и мелиорации Кыргызской Республики,Министр
"Общество с ограниченной ответственностью ""Юнимен""",Бекбоев Эмиль Исакович ,Деятельность центральных офисов,Бекбоев Эмиль Исакович ,Бекбоев,Турдуназир,,Министерство сельского хозяйства и мелиорации Кыргызской Республики,Министр
"Общество с ограниченной ответственностью ""Микрокредитная компания ""К2-кредит""",Кадыров Канатбек Тентиевич,Предоставление кредита,"Кадыров Канатбек Тентиевич, Бекбоева Айнура Токтосуновна",Бекбоев,Турдуназир,,Министерство сельского хозяйства и мелиорации Кыргызской Республики,Министр
Общество с ограниченной ответственностью «РВД»,Бекбоев Изат Памирбекович,Деятельность агентов по оптовой торговле товарами широкого ассортимента,Бекбоев Изат Памирбекович,Бекбоев,Турдуназир,,Министерство сельского хозяйства и мелиорации Кыргызской Республики,Министр
"Общество с ограниченной ответственностью ""Касым Курулуш""",Бекбоев Альберт Туратбекович,Строительство жилых и нежилых зданий,Бекбоев Альберт Туратбекович,Бекбоев,Турдуназир,,Министерство сельского хозяйства и мелиорации Кыргызской Республики,Министр
"Общественное объединение ""Федерация Бочча Кыргызской Республики""",Исаков Бакыт Кубанычбекович,"Деятельность прочих общественных организаций, не включенных в другие группировки","Исаков Бакыт Кубанычбекович , Бекбоев Саламат Карганбекович , Кушбаков Шахабидин Халбутаевич , Кандаралиева Назгуль Кочкоровна , Адамалиев Лурнист Сартбекович, Жыргалбек уулу Ринат",Бекбоев,Турдуназир,,Министерство сельского хозяйства и мелиорации Кыргызской Республики,Министр
"Общество с ограниченной ответственностью ""МИДО Групп""",Бекбоев Бектур Замирович,Строительство жилых и нежилых зданий,Бекбоев Бектур Замирович,Бекбоев,Турдуназир,,Министерство сельского хозяйства и мелиорации Кыргызской Республики,Министр
"Общественное объединение ""Федерация пара стрельбы из лука Кыргызской Республики""",Исаков Бакыт Кубанычбекович,"Деятельность прочих общественных организаций, не включенных в другие группировки","Исаков Бакыт Кубанычбекович, Бекбоев Саламат Карганбекович, Кушбаков Шахабидин Халбутаевич, Кандаралиева Назгул Кочкоровна, Адамалиев Лурнист Сартбекович, Жыргалбек уулу Ринат ",Бекбоев,Турдуназир,,Министерство сельского хозяйства и мелиорации Кыргызской Республики,Министр
"Общественное объединение ""Федерация пара лёгкой алтетики Кыргызской Республики""",Исаков Бакат Кубанычбекович,"Деятельность прочих общественных организаций, не включенных в другие группировки","Замените на физическое лицо 6, Исаков Бакат Кубанычбекович, Бекбоев Саламат Карганбекович, Кушбаков Шахабидин Халбутаевич, Кандаралиева Назгул Корочоровна, Жыргалбек уулу Ринат, Адамалиев Лурнист Сартбекович",Бекбоев,Турдуназир,,Министерство сельского хозяйства и мелиорации Кыргызской Республики,Министр
"Общественное объединение ""Федерация пара настольного тенниса Кыргызской Республики""",Исаков Бакыт Кубанычбекович,Деятельность общественных организаций (объединений) в области культуры и рекреации,"Исаков Бакыт Кубанычбекович, Бекбоев Саламат Карганбекович, Кушбаков Шахабидин Халбутаевич, Кандаралиева Назгул Кочкоровна, Адамалиев Лурнист Сартбекович, Жыргалбек уулу Ринат",Бекбоев,Турдуназир,,Министерство сельского хозяйства и мелиорации Кыргызской Республики,Министр
"Общественное объединение ""Федерация пара спортивной стрельбы Кыргызской Республики""",Исаков Бакыт Кубанычбекович ,"Деятельность прочих общественных организаций, не включенных в другие группировки","Исаков Бакыт Кубанычбекович, Бекбоев Саламат Карганбекович , Кушбаков Шахабидин Халбутаевич , Кандаралиева Назгул Кочкоровна , Адамалиев Лурнист Сартбекович , Жыргалбек уулу Ринат ",Бекбоев,Турдуназир,,Министерство сельского хозяйства и мелиорации Кыргызской Республики,Министр
"Общественное объединение ""Федерация пара пауэрлифтинга Кыргызской Республики""",Исаков Бакыт Кубанычбекович,"Деятельность прочих общественных организаций, не включенных в другие группировки","Исаков Бакыт Кубанычбекович, Бекбоев Саламат Карганбекович, Кушбаков Шахабидин Халбутаевич, Кандаралиева Назгул Кочкоровна, Адамалиев Лурнист Сартбекович, Жыргалбек уулу Ринат",Бекбоев,Турдуназир,,Министерство сельского хозяйства и мелиорации Кыргызской Республики,Министр
"Общественное объединение ""Федерация пара танцевального спорта Кыргызской Республики""",Исаков Бакыт Кубанычбекович,"Деятельность прочих общественных организаций, не включенных в другие группировки","Исаков Бакыт Кубанычбекович, Бекбоев Саламат Карганбекович, Кушбаков Шахабидин Халбутаевич, Кандаралиева Назгул Кочкоровна, Адамалиев Лурнист Сартбекович, Жыргалбек уулу Ринат",Бекбоев,Турдуназир,,Министерство сельского хозяйства и мелиорации Кыргызской Республики,Министр
"Общество с ограниченной ответственностью ""Кыргызские оздоровительные курорты""",Бекбоев Бакырдин Замирович,Деятельность санаторно-курортных учреждений,Бекбоев Бек Эмильевич,Бекбоев,Турдуназир,,Министерство сельского хозяйства и мелиорации Кыргызской Республики,Министр
"Общество с ограниченной ответственностью ""Албан Кей Джи""",Султангазиева Айнур Бекбоевна,Деятельность в области бухгалтерского учета и аудита,Султангазиева Айнур Бекбоевна,Бекбоев,Турдуназир,,Министерство сельского хозяйства и мелиорации Кыргызской Республики,Министр
"Учреждение ""Академия Труда и Социальных Отношений при Федерации профсоюзов Кыргызстана""",Бекбоев Аскарбек Абдыкадырович,Высшее образование,"Бекбоев Аскарбек Абдыкадырович, ОПО ""Федерация профессиональных союзов Кыргызстана""",Бекбоев,Турдуназир,,Министерство сельского хозяйства и мелиорации Кыргызской Республики,Министр
"Общество с ограниченной ответственностью ""Айбат Групп""",Бекбоева Нуржан Арзыкановна,Деятельность агентов по оптовой торговле товарами широкого ассортимента,Бекбоева Нуржан Арзыкановна,Бекбоев,Турдуназир,,Министерство сельского хозяйства и мелиорации Кыргызской Республики,Министр
"Община ""Данакер""",Алымбеков Кайратбек Алымбекович,"Деятельность общественных организаций (объединений) в области экономического, социального и общинного развития","Алымбеков Кайратбек Алымбекович, Ибраева Эльнура Сагалиевна, Жанузаков Рысбек Кыдыкович, Бектуров Ырыскул Советович, Шакижанова Назира Бекбоевна, Акматова Раушан Дуйшонкуловна, Сариева Асель Бакытбековна, Орозбекова Гульназ Бекешовна, Абдылдаев Медербек Асангулович, Какенова Асылкул Ишенбаевна",Бекбоев,Турдуназир,,Министерство сельского хозяйства и мелиорации Кыргызской Республики,Министр
"Общество с ограниченной ответственностью Микрокредитная компания ""Береке-Кредит""",Асипова Мадина Ишеналиевна,Предоставление кредита,"Бекбоев Зарлык Шаршеевич, Орозбаева Кулумкан Шаршенбековна",Бекбоев,Турдуназир,,Министерство сельского хозяйства и мелиорации Кыргызской Республики,Министр
"Политическая партия ""Аалам""","Малиев Арсланбек Касымакунович, Джолдошова Жылдызкан Айтибаевна",Деятельность политических организаций,"Шимарова Рузали Ильясовна, Дороев Кубанычбек Асанбекович, Малиев Арсланбек Касымакунович, Султанходжаева Танабар Низамовна, Чекиров Нурлан Калмаматович, Асаналиев Ганы Бекбоевич, Каримов Абдижалил , Кадралиев Тилек Идрисович, Деркенбаев Кыдыкбек Салынбекович, Гримоть Валерий Вальдемарович, Маганбетова Курманжан Токтобековна, Абдрахманова Гульнара Шайлявбековна, Кулманбетов Бейшеке, Кулманбетов Талант Бейшекеевич, Игембердиева Гульбахор Махмудовна, Иманкожоева Эркингуль Бекбачаевна, Иманкожоева Бактыгуль Бекбачаевна, Сагымбаев Туратбек Мыймышевич, Султанов Бакытбек Талантович, Чыпаева Закия Сеиткуловна, Шералиева Жазгул Арыстанбековна, Пастушенко Марат Владимирович",Бекбоев,Турдуназир,,Министерство сельского хозяйства и мелиорации Кыргызской Республики,Министр
"Общество с ограниченной ответственностью ""КТТ Юг""",Кыдыкбеков Максат Кыдыкбекович,Добыча отделочного и строительного камня,Бекбоев Бек Эмильевич,Бекбоев,Турдуназир,,Министерство сельского хозяйства и мелиорации Кыргызской Республики,Министр
"Общество с ограниченной ответственностью ""КТТ Север""",Тынчыбек уулу Рыскул,Добыча отделочного и строительного камня,Бекбоев Бек Эмильевич,Бекбоев,Турдуназир,,Министерство сельского хозяйства и мелиорации Кыргызской Республики,Министр
"Учреждение ""Материнской школы дошкольной образовательной организации ""Телегей Плюс""",Бекбоева Гульсайра Стамкуловна,Дошкольное образование,Бекбоева Гульсайра Стамкуловна,Бекбоев,Турдуназир,,Министерство сельского хозяйства и мелиорации Кыргызской Республики,Министр
"Политическая партия ""Калыс""",Сапаров Каныбек Сайырбекович,Деятельность политических организаций,"Молдакматов Женишбек Омургазиевич, Сапаров Каныбек Сайырбекович, Бекбоев Норузбек Оттукташович, Сейдинов Адам-Иса, Кадыров Айбек Туратбекович, Сыдыков Миран Таварикович, Шерипбаев Женишбек Кубанычбекович, Курманбаев Улан Зарылбекович, Эргешов Келдибек Саиткулович, Молдобаев Адилет Эрнисович",Бекбоев,Турдуназир,,Министерство сельского хозяйства и мелиорации Кыргызской Республики,Министр
"Общество с ограниченной ответственностью Образовательный комплекс ""Креатив-Таалим""",Казакова Назира Желденовна,Начальное образование,"Бекбоев Алтымыш Рысалиевич, Карипова Айганыш Рысбековна, Баймуратов Орозали Бактыярович",Бекбоев,Турдуназир,,Министерство сельского хозяйства и мелиорации Кыргызской Республики,Министр
"Общество с ограниченной ответственностью ""Айтамга""",Султангазиев Сергек Анварович,Оптовая неспециализированная торговля,"Акматова Алдей Казатовна, Султангазиева Бактыгуль Бекбоевна",Бекбоев,Турдуназир,,Министерство сельского хозяйства и мелиорации Кыргызской Республики,Министр
"Общество с ограниченной ответственностью ""Ажо-Барсбек""",Дарбанов Жыргалбек Бекбоевич ,Предоставление услуг по переезду (перемещению),Дарбанов Жыргалбек Бекбоевич,Бекбоев,Турдуназир,,Министерство сельского хозяйства и мелиорации Кыргызской Республики,Министр
"Общественное объединение ""Владельцев автостоянки номер семь Асанбая""",Бекбоев Талант Ишеналиевич,"Деятельность прочих общественных организаций, не включенных в другие группировки","Бекбоев Талант Ишеналиевич, Откеев Салморбек Калманбетович, Сулайманов Улан Дюшакунович",Бекбоев,Турдуназир,,Министерство сельского хозяйства и мелиорации Кыргызской Республики,Министр
"Общество с ограниченной ответственностью ""Аулот""",Баялиев Айдар Султанбекович,Оптовая неспециализированная торговля,"Баялиев Айдар Султанбеквоич, Бекбоев Нурлан Тельтаевич, Исмаилов Марат Жаанчиевич",Бекбоев,Турдуназир,,Министерство сельского хозяйства и мелиорации Кыргызской Республики,Министр
"Общество с ограниченной ответственностью ""ДОРУС""",Суеркулова Эльнура Эмильевна,Строительство жилых и нежилых зданий,"Бекбоев Эмиль Исакович, Общество с ограниченной ответственностью ""Фирма ""БАБЕК ЛТД"" (BABEK LTD), Компания Pennen InveCo Limited (Пеннон ИнвеКо Лимитед)",Бекбоев,Турдуназир,,Министерство сельского хозяйства и мелиорации Кыргызской Республики,Министр
"Общество с ограниченной ответственностью ""АГЕМАНТ""",Бекбоева Эльвира Таштанбековна,Оптовая неспециализированная торговля,Бекбоева Эльвира Таштанбековна,Бекбоев,Турдуназир,,Министерство сельского хозяйства и мелиорации Кыргызской Республики,Министр
"Общество с ограниченной ответственностью ""Silk Roud Cargo""(""Силк Роуд Карго"")",Бекбоев Нурлан Тельтаевич,Розничная торговля автомобилями и легкими автотранспортными средствами,"Бекбоев Нурлан Тельтаевич, Дулатов Жандос Эрикович",Бекбоев,Турдуназир,,Министерство сельского хозяйства и мелиорации Кыргызской Республики,Министр
"Общество с ограниченной ответственностью ""ТОКМАК-ГАЗ""",Бекбоев Тимур Токтосунович,Оптовая неспециализированная торговля,Бекбоев Тимур Токтосунович,Бекбоев,Турдуназир,,Министерство сельского хозяйства и мелиорации Кыргызской Республики,Министр
"Общество с ограниченной ответственностью ""Запад Строй""",Бекбоев Нурлан Базаркулович,Строительство жилых и нежилых зданий,Бекбоев Албан Базаркулович ,Бекбоев,Турдуназир,,Министерство сельского хозяйства и мелиорации Кыргызской Республики,Министр
"Общество с ограниченной ответственностью Медициналык Борбору ""БИЗ НУР""",Заиров Турдали Матазимович,Прочая деятельность в области здравоохранения,"Заиров Турдали Матазимович, Бекбоев Бакырдин Замирович, Осмонов Дамирбек Асилбекович",Бекбоев,Турдуназир,,Министерство сельского хозяйства и мелиорации Кыргызской Республики,Министр
"Общество с ограниченной ответственностью Издательство ""Бийиктик""",Кадыров Жумадин Сатыбалдиевич,Издание книг,"Кыдыршаева Клара Досматовна, Кадыров Жумадин Сатыбалдиевич, Бекбоева Чолпон Шамшидиновна",Бекбоев,Турдуназир,,Министерство сельского хозяйства и мелиорации Кыргызской Республики,Министр
"Общественное объединение ""Молодежный комитет Жайыл баатыр""",Бейшенбаев Аскатбек Мусуралиевич,"Деятельность прочих общественных организаций, не включенных в другие группировки","Шыгаев Динмухамед Джолдошевич, Курамаев Муса Жанжалбекович, Макишов Бекзат Ишенбекович, Бекбоев Мирбек Каныбекович, Искитов Талантбек Шаршенбекович, Байбагышев Тилек Жекшенбекович, Казаков Баясхан Тенисович, Исманкулов Мунарбек Шаршенбекович, Сарманов Кубан Алымкулович, Осмонбек уулу Кубатбек, Жаналиев Абдухалил Бектурович, Бектурганов Талантбек Асылбекович",Бекбоев,Турдуназир,,Министерство сельского хозяйства и мелиорации Кыргызской Республики,Министр
"Общество с ограниченной ответственностью ""Ниет Фирдаус""",Бекбоева Гульмира Алыкеевна,"Прочая деятельность в области образования, не включенная в другие группировки",Бекбоева Гульмира Алыкеевна ,Бекбоев,Турдуназир,,Министерство сельского хозяйства и мелиорации Кыргызской Республики,Министр
"Общество с ограниченной ответственностью ""Эксклюзивные стенды""",Бекбоев Алтынбек Алмухамбетович,Столярные и плотницкие работы,Бекбоев Алтынбек Алмухамбетович,Бекбоев,Турдуназир,,Министерство сельского хозяйства и мелиорации Кыргызской Республики,Министр
"Крестьянское   хозяйство ""Инсан""",Дубанаев Адилет Садырбекович,Растениеводство в сочетании с животноводством,"Дубанаев Адилет Садырбекович, Чокоева Шаршекан Тентиевна, Бекбоева Джамила Болбаковна",Бекбоев,Турдуназир,,Министерство сельского хозяйства и мелиорации Кыргызской Республики,Министр
"Общество с ограниченной ответственностью ""Шабдан Групп""",Шабданов Улан Бекбоевич,Деятельность по обеспечению временной рабочей силой,Шабданов Улан Бекбоевич,Бекбоев,Турдуназир,,Министерство сельского хозяйства и мелиорации Кыргызской Республики,Министр
"Общество с ограниченной ответственностью ""Азамат Групп""",Бекбоев Азамат Замирбекович,Оптовая неспециализированная торговля,"Бекбоев Азамат Замирбекович, Искандерова Чинара Казыевна",Бекбоев,Турдуназир,,Министерство сельского хозяйства и мелиорации Кыргызской Республики,Министр
"Общественное объединение ""Совет ветеранов войны, Воруженных Сил, правохранительных органов и тружеников тыла по городу Бишкек»",Чотбаев Абдыгул Абдырашитович ,"Деятельность прочих общественных организаций, не включенных в другие группировки","Чотбаев Абдыгул Абдрашитович , Молдобаев Тавалдды Кадырович , Бошкоев Джоомарт Бердишалиевич , Асанкулов Рыспай  Идирисович , Молдалиев Сатыбек Калилович , Абдылдаев Саламат Буларович , Бекбоев Мэлс Сагыналиевич , Шванбенланд Сергей Эмильевич",Бекбоев,Турдуназир,,Министерство сельского хозяйства и мелиорации Кыргызской Республики,Министр
"Общество с ограниченной ответственностью ""TechnoLights KG"" (ТехноЛайт КейДжи)",Бекбоев Калыбек Бекбоевич,Оптовая неспециализированная торговля,Бекбоев Калыбек Бекбоевич,Бекбоев,Турдуназир,,Министерство сельского хозяйства и мелиорации Кыргызской Республики,Министр
Общество с ограниченной ответственностью «ХимGroup.LTD» (ХимГрупп.ЛТД),Бекбоев Расул Эшибаевич,Оптовая торговля  химическими  продуктами,Бекбоев Расул Эшибаевич,Бекбоев,Турдуназир,,Министерство сельского хозяйства и мелиорации Кыргызской Республики,Министр
"Общество с ограниченной ответственностью ""Гамма Групп""",Аслан Фахреттин Алп,"Прочее финансовое посредничество, не включенное в другие группировки","Шабдукаримов Данияр Болатбекович, Мурадова Нурия Александровна, Ким Константин Олегович , Аслан Фахреттин Алп , Саитов Руслан Раисович , Бекбоев Джолдошбек Доталиевич ",Бекбоев,Турдуназир,,Министерство сельского хозяйства и мелиорации Кыргызской Республики,Министр
Общество с ограниченной ответственностью «НАУЧНО-ТЕХНИЧЕСКИЙ ЦЕНТР СЕРТИФИКАЦИИ И ЭКСПЕРТИЗ ПРОМЫШЛЕННОЙ БЕЗОПАСНОСТИ ОПАСНЫХ ПРОИЗВОДСТВЕННЫХ ОБЪЕКТОВ»,Хазбулатов Ленур Муждабаевич,Технические испытания и контроль,"Хазбулатов Ленур Муждабаевич, Асаналиев Ганы Бекбоевич, Барсанаев Сагыналы",Бекбоев,Турдуназир,,Министерство сельского хозяйства и мелиорации Кыргызской Республики,Министр
"Общество с ограниченной ответственностью ""ШОЛИ""",Бекбоев Мирбек Сагыналиевич,Деятельность ресторанов и предоставление мобильных услуг по обеспечению пищей,Бекбоев Мирбек Сагыналиевич,Бекбоев,Турдуназир,,Министерство сельского хозяйства и мелиорации Кыргызской Республики,Министр
"Общество с ограниченной ответственностью ""Учет-Экспресс KG"" (Кей Джи)",Султангазиева Айнур Бекбоевна,Деятельность в области бухгалтерского учета и аудита,"Ишенкулова Умутбубу Колхозбековна, Султангазиева Айнур Бекбоевна",Бекбоев,Турдуназир,,Министерство сельского хозяйства и мелиорации Кыргызской Республики,Министр
"Общество с ограниченной ответственностью Микрокредитная компания ""Береке-Кредит""",Асипова Мадина Ишеналиевна,Предоставление кредита,"Орозбаева Кулумкан Шаршенбековна, Бекбоев Зарлык Шаршеевич",Бекбоев,Турдуназир,,Министерство сельского хозяйства и мелиорации Кыргызской Республики,Министр
"Общественное объединение ""Молодежный комитет Жайыл баатыр""",Макишов Бекзат Ишенбекович,"Деятельность прочих общественных организаций, не включенных в другие группировки","Шыгаев Динмухамед Джолдошевич, Курамаев Муса Жанжалбекович, Макишов Бекзат Ишенбекович, Бекбоев Мирбек Каныбекович, Искитов Талантбек Шаршенбекович, Байбагышев Тилек Жекшенбекович, Казаков Баясхан Тенисович, Исманкулов Мунарбек Шаршенбекович, Сарманов Кубан Алымкулович, Осмонбек уулу Кубатбек, Жаналиев Абдухалил Бектурович, Бектурганов Талантбек Асылбекович",Бекбоев,Турдуназир,,Министерство сельского хозяйства и мелиорации Кыргызской Республики,Министр
Общество с ограниченной ответственностью «Lake Fish» («Лэйк Фиш»),Туманов Кубанычбек Туманович,"Рыболовство в реках, озерах, водохранилищах (Рыболовство пресноводное)","Раимбекова Луиза Абдигапаровна, Джамангулов Дайыр Калимуллаевич, Туманов Кубанычбек Туманович",Туманов,Жаныбай,,Министерство сельского хозяйства и мелиорации Кыргызской Республики,Директор Кыргызагробиоцентр
"Общество с ограниченной ответственностью  ""LU-Consulting"" ЭльЮ-Консалтинг""",Ким Александр Владимирович,"Производство прочих основных органических химических веществ, не включенных в другие группировки","Ким Александр Владимирович, Туманов Кубанычбек Туманович",Туманов,Жаныбай,,Министерство сельского хозяйства и мелиорации Кыргызской Республики,Директор Кыргызагробиоцентр
"Общество с ограниченной ответственностью ""Нур-Пахта""",Туманов Нурлан Келдибекович,Заготовка и переработка хлопка сырьца,Туманов Нурлан Келдибекович,Туманов,Жаныбай,,Министерство сельского хозяйства и мелиорации Кыргызской Республики,Директор Кыргызагробиоцентр
"Общество с ограниченной ответственностью ""Алай-Кут""",Туманов Келдибек Туманович,,Туманов Келдибек Туманович,Туманов,Жаныбай,,Министерство сельского хозяйства и мелиорации Кыргызской Республики,Директор Кыргызагробиоцентр
"Общество с ограниченной ответственностью ""Universal Kyrgyz Enterprises Limited"" (""Универсал Кыргыз Ентерпрайзес Лимитед"")",Френк Бакарич,Добыча сырой нефти,"""Universal Associates Australia Pty Ltd (Universal Consortium), Саргымбаев Мурат Турдуевич, Туманов Кубанычбек Туманович, Капуста Владислав Иванович",Туманов,Жаныбай,,Министерство сельского хозяйства и мелиорации Кыргызской Республики,Директор Кыргызагробиоцентр
"Общество с ограниченной ответственностью ""Теле Систем""",Байызбеков Уланбек Алчинбекович,Добыча каменного угля,"Байызбеков Уланбек Алчинбекович, Туманов Кубанычбек Туманович, Касымов Тофик Зиятханович, Бигалиев Азберген Айтхожаевич",Туманов,Жаныбай,,Министерство сельского хозяйства и мелиорации Кыргызской Республики,Директор Кыргызагробиоцентр
"Общественное объединение ""Жатка Журок""",Мукашев Марат Мукамбетович,,"Павлова Любовь Григорьевна, Туманова Олеся Валерьевна, Алексеев Вадим Петрович",Туманов,Жаныбай,,Министерство сельского хозяйства и мелиорации Кыргызской Республики,Директор Кыргызагробиоцентр
"Закрытое акционерное общество ""Жалал--Абад арак заводу""",Туманов Келдибек Туманович,Производство вина из винограда,Туманов Келдибек Туманович,Туманов,Жаныбай,,Министерство сельского хозяйства и мелиорации Кыргызской Республики,Директор Кыргызагробиоцентр
"ОсОО ""Медад""",Шарипбеков Нурланбек Бегалыевич,"Производство кирпича, черепицы и прочих строительных изделий из обожженной глины","Шарипбеков Нурланбек Бегалыевич, Туманов Кубанычбек Туманович",Туманов,Жаныбай,,Министерство сельского хозяйства и мелиорации Кыргызской Республики,Директор Кыргызагробиоцентр
"Общество с ограниченной ответственностью ""Wineline"" (Вайнлайн)",Туманов Кубанчыбек Туманович,Производство фруктовых и овощных соков,"Туманов Кубанчыбек Туманович, Чаткалбаев Алымбек Алтымышевич",Туманов,Жаныбай,,Министерство сельского хозяйства и мелиорации Кыргызской Республики,Директор Кыргызагробиоцентр
"Общество с ограниченной ответственностью Waterline""(Вотерлайн)",Туманов Кубанычбек Туманович,Производство безалкогольных напитков; производство минеральных    вод и других вод в бутылках,Туманов Кубанычбек Туманович,Туманов,Жаныбай,,Министерство сельского хозяйства и мелиорации Кыргызской Республики,Директор Кыргызагробиоцентр
"ООО ""Мобител групп Лтд""",Туманов Кубанычбек Туманович,,"Базаралиев Абдижалил Кермалиевич, Туманов Кубанычбек Туманович",Туманов,Жаныбай,,Министерство сельского хозяйства и мелиорации Кыргызской Республики,Директор Кыргызагробиоцентр
"Общество с ограниченной ответственностью ""GAZ industry"" (""ГАЗ индастри"")",Туманов Кубанычбек Туманович,Производство промышленных газов,"Туманов Кубанычбек Туманович, Ким Александр Владимирович ",Туманов,Жаныбай,,Министерство сельского хозяйства и мелиорации Кыргызской Республики,Директор Кыргызагробиоцентр
"Общество с ограниченной ответственностью СТ ""Финансовая Инвестиционная Компания""",Саргымбаев Мурат Турдуевич,Прочая вспомогательная деятельность в сфере финансового посредничества,"Саргымбаев Мурат Турдуевич, Туманов Кубанычбек Туманович",Туманов,Жаныбай,,Министерство сельского хозяйства и мелиорации Кыргызской Республики,Директор Кыргызагробиоцентр
Общественное объединение защиты прав потребителей «Таза ден-соолук учун» (статус-республиканский),Мамажанов Акматжан,,"Уметбаев Манарбек Мукамбетжанович, Ташбаев Санжар Халдарович, Мамажанов Акматжан, Туманов Нурлан Келдибекович, Туманов Мирлан Келдибекович, Газиев Сайитходжа Махаматходжаевич, Арапбаева Асия Таштановна",Туманов,Жаныбай,,Министерство сельского хозяйства и мелиорации Кыргызской Республики,Директор Кыргызагробиоцентр
"Общественное объединение ""Сельское общественное объединение потребителей питьевой воды ""Омур-Булагы""",Усупов Саламат Токтогулович,"Сбор, обработка и распределение воды (водоснабжение)","Кенчинбаева Шарипжамал Кайтпаевна, Ильязова Каныкей Муратбековна, Туманова Майрамкул Жамаловна",Туманов,Жаныбай,,Министерство сельского хозяйства и мелиорации Кыргызской Республики,Директор Кыргызагробиоцентр
"Общество с ограниченной ответственностью Кок-Таш""",Мырзалиева Гулбарчын Тумановна,Оптовая торговля прочими автотранспортными средствами,Мырзалиева Гулбарчын Тумановна,Туманов,Жаныбай,,Министерство сельского хозяйства и мелиорации Кыргызской Республики,Директор Кыргызагробиоцентр
"Общественное объединение защиты прав потребителей ""Таза Сапат""",Сопуев Токтогул Туманович,Деятельность правозащитных общественных организаций (объединений),Сопуев Токтогул Туманович,Туманов,Жаныбай,,Министерство сельского хозяйства и мелиорации Кыргызской Республики,Директор Кыргызагробиоцентр
"Общество с ограниченной ответственностью ""Бурулсун""",Туманов Келдибек Туманович,Производство безалкогольных напитков; производство минеральных    вод и других вод в бутылках,Туманов Келдибек Туманович,Туманов,Жаныбай,,Министерство сельского хозяйства и мелиорации Кыргызской Республики,Директор Кыргызагробиоцентр
"Открытое акционерное общество ""Жалал-Абад Таттусуу""",Туманов Келдибек Туманович,"Производство какао, шоколада и кондитерских изделий из сахара","ОАО ""Келечек"", Туманов Келдибек Туманович, Сопиев Токтогул Туманович, Акционеры ОАО ""Жалал-Абад Таттусуу""",Туманов,Жаныбай,,Министерство сельского хозяйства и мелиорации Кыргызской Республики,Директор Кыргызагробиоцентр
"ОсОО ""РАВЭ"" (ИУ-Казахстан)",Шмотов Владимир Леонидович,,"Шмотов Владимир Леонидович, Култуманов Амангельды Тулегенович",Туманов,Жаныбай,,Министерство сельского хозяйства и мелиорации Кыргызской Республики,Директор Кыргызагробиоцентр
"ОсОО ""Сироп"" (иу-Россия)",Джоотуманов Алымкул,,"Мирошниченко Анатолий Александрович, АООТ ДСК ""АЗАТ"", Казакбаев Болотбек Медисович, Джоотуманов Азамат Алымкулович, Сейдахметов Аскар Акжол улы",Туманов,Жаныбай,,Министерство сельского хозяйства и мелиорации Кыргызской Республики,Директор Кыргызагробиоцентр
"Общество с ограниченной ответственностью ""Талас Файненс"" ",Сопиев Бакытбек Туманович,Предоставление прочих телекоммуниккационных услуг. 61.90.0.,"Абдылдаева Айжан Садыбакасовна, Сопиев Бакытбек Туманович",Туманов,Жаныбай,,Министерство сельского хозяйства и мелиорации Кыргызской Республики,Директор Кыргызагробиоцентр
"Общество с ограниченной ответственностью ""Target trade"" (Таргет трэйд)",Сопиев Бакытбек Туманович,Оптовая неспециализированная торговля,Сопиев Бакытбек Туманович,Туманов,Жаныбай,,Министерство сельского хозяйства и мелиорации Кыргызской Республики,Директор Кыргызагробиоцентр
"Общество с ограниченной ответственностью - ""Инком Профит""",Туманова Самарбубу Ахмадовна,Деятельность такси по перевозке пассажиров,Туманова Самарбубу Ахмадовна,Туманов,Жаныбай,,Министерство сельского хозяйства и мелиорации Кыргызской Республики,Директор Кыргызагробиоцентр
"Общество с ограниченной ответственностью ""Аина""",Туман Нурлан Келдибекович,Реализация ТНП,Туманов Нурлан Келдибекович,Туманов,Жаныбай,,Министерство сельского хозяйства и мелиорации Кыргызской Республики,Директор Кыргызагробиоцентр
"Общество с ограниченной ответственностью ""Нур-Пахта""",Туманов Нурлан Келдибекович,Заготовка и переработка хлопка сырьца,Туманов Нурлан Келдибекович,Туманов,Жаныбай,,Министерство сельского хозяйства и мелиорации Кыргызской Республики,Директор Кыргызагробиоцентр
"Товарно-сервисный сельскохозяйственный кооператив ""ТАБИЙГАТ БАЛЫ""",Мамытов Тумарбек Капарович,Разведение прочих животных,"Мамытов Тумарбек Капарович, Эрмаматов Улукбек Токтосунович, Манабаев Омурбек Доолотбаевич, Эрмаматов Аскербек Маматжакишевич, Рахманалиев Нурланбек Маматжакыпович, Туманов Калил Маматович, Усманалиев Шукурилло Кобилжанович, Темирбаев Кубанычбек Орозалиевич, Жоржоев Токсонбай Асилбекович",Туманов,Жаныбай,,Министерство сельского хозяйства и мелиорации Кыргызской Республики,Директор Кыргызагробиоцентр
"Коммерческий товарно-сервисный кооператив ""Тоолос айымдары""",Джороева Фарида Токтосуновна,Воспроизводство (посадка) растений,"Джороева Фарида Токтосуновна , Наватова Тазагуль Тургуновна , Кошанова Тулкуной Турдиевна , Сеитбекова Гульзад Абдубаевна, Туманова Айнура Эгамбердиевна , Жороева Аида Мамадалиевна, Жороева Айчурок Мурзабековна",Туманов,Жаныбай,,Министерство сельского хозяйства и мелиорации Кыргызской Республики,Директор Кыргызагробиоцентр
"Общество с ограниченной ответственностью ""Лигласс Энерго Кей Джи""",Туманов Кубанычбек Туманович,Строительство водных сооружений,"Туманов Кубанычбек Туманович, Общество с ограниченной ответственностью ""ЛИГЛАСС ТРЕЙДИНГ ЦЗ"" (LIGLASS TRAIDING CZ, s.r.o.)",Туманов,Жаныбай,,Министерство сельского хозяйства и мелиорации Кыргызской Республики,Директор Кыргызагробиоцентр
Общество с ограниченной ответственностью «ГЕОКАРАТ» ,Федоров Михаил Николаевич,Добыча прочих природных минералов и горных пород,"Туманов Алмазбек Жаныбаевич, Федоров Михаил Николаевич, Ташкулов Замирбек Бактыбаевич",Туманов,Жаныбай,,Министерство сельского хозяйства и мелиорации Кыргызской Республики,Директор Кыргызагробиоцентр
"Общество с ограниченной ответственностью ""Магнат М-М""",Туманов Алмазбек Жаныбаевич,Добыча каменного угля,Туманов Алмазбек Жаныбаевич,Туманов,Жаныбай,,Министерство сельского хозяйства и мелиорации Кыргызской Республики,Директор Кыргызагробиоцентр
"Политическая партия ""Наш Народ""",Расулов Майрамбек Алишерович,Деятельность политических организаций,"Абдазов Таалайбек Ибраимович, Азимбаев Тимур Сайдуллаевич, Алексеева Виктория Германовна, Бакиров Ибрагим Абдималикович, Имерова Мээрим Бактыбековна, Омурбеков Бактыяр Курманбекович, Расулов Майрамбек Алишерович, Туманов Кубаныч Туманович, Темирбаев Арстанбек Курманбекович, Усеналиева Назира Сагындыковна, Шеримбек уулу Тынчтыкбек",Туманов,Жаныбай,,Министерство сельского хозяйства и мелиорации Кыргызской Республики,Директор Кыргызагробиоцентр
"Общество с ограниченной ответственностью ""Э.Р.К.-строй компани""",Казакбаев Нурлан Калдарович,Добыча отделочного и строительного камня,"Туманов Мирлан Келдибекович, Казакбаев Нурлан Калдарович",Туманов,Жаныбай,,Министерство сельского хозяйства и мелиорации Кыргызской Республики,Директор Кыргызагробиоцентр
"Учреждение Образовательный комплекс ""Улыбка""",Туманова Анаркан Романовна,Дошкольное образование,Туманова Анаркан Романовна,Туманов,Жаныбай,,Министерство сельского хозяйства и мелиорации Кыргызской Республики,Директор Кыргызагробиоцентр
"Общество с дополнительной ответственностью ломбард ""Бриллиант-З""",Туманова Замира Таджибаевна,Предоставление кредита,Туманова Замира Таджибаевна,Туманов,Жаныбай,,Министерство сельского хозяйства и мелиорации Кыргызской Республики,Директор Кыргызагробиоцентр
"Общество с ограниченной ответственностью ""Алихан Сервис""",Асанбеков Нурбек Туманович,Строительство жилых и нежилых зданий,Асанбеков Нурбек Туманович,Туманов,Жаныбай,,Министерство сельского хозяйства и мелиорации Кыргызской Республики,Директор Кыргызагробиоцентр
Общество с ограниченной ответственностью «Эл Тушум» ,Туманов Мирлан Келдибекович,Производство фруктовых и овощных соков,Туманов Мирлан Келдибекович,Туманов,Жаныбай,,Министерство сельского хозяйства и мелиорации Кыргызской Республики,Директор Кыргызагробиоцентр
"Общество с ограниченной ответственностью ""АЛАШАН-ТРАНС""",Туманов Алмазбек Жаныбаевич,Деятельность грузового автомобильного транспорта,Туманов Алмазбек Жаныбаевич,Туманов,Жаныбай,,Министерство сельского хозяйства и мелиорации Кыргызской Республики,Директор Кыргызагробиоцентр
"Сельскохозяйственный товарно-сервисный кооператив ""Ала-Тоо Сут-Талды-Суу""",Мусаева Айгуль Тилевердиевна,Растениеводство в сочетании с животноводством,"Абдылдаева Айтжан Барыктабасовна, Токторбаева Гульмира Айтбаевна, Молдошева Фарида Алдашевна, Кубандыкова Гульжамый Батыргалиевна, Туманова Раиса Будайчиевна, Асанов Максат Орозбекович, Сатыбалдиева Кулумкан Узубековна, Орозобекова Кенжекул Кубанычбековна, Искакова Джумакуль Джекешовна, Ырысбай кызы Бурул ",Туманов,Жаныбай,,Министерство сельского хозяйства и мелиорации Кыргызской Республики,Директор Кыргызагробиоцентр
"Общество с ограниченной ответственностью ""Espoir"" (""Эспуар"")",Джоотуманова Роза Айдаровна,Строительство жилых и нежилых зданий,Джоотуманова Роза Айдаровна,Туманов,Жаныбай,,Министерство сельского хозяйства и мелиорации Кыргызской Республики,Директор Кыргызагробиоцентр
"Общество с ограниченной ответственностью ""Восток Строй Инвест"" ",Джоотуманова Роза Айдаровна,Строительство жилых и нежилых зданий,Джоотуманова Роза Айдаровна,Туманов,Жаныбай,,Министерство сельского хозяйства и мелиорации Кыргызской Республики,Директор Кыргызагробиоцентр
Общественное объединение «Балам үчүн»,Бейшеева Назира Жекшеналиевна,"Деятельность прочих общественных организаций, не включенных в другие группировки","Бейшеева Назира Жекшеналиевна, Рысбаева Динара Омурбековна, Туманова Марина Эркиновна",Туманов,Жаныбай,,Министерство сельского хозяйства и мелиорации Кыргызской Республики,Директор Кыргызагробиоцентр
Общество с ограниченной ответственностью «AST company» («АСТ компании») ,Джоотуманова Роза Айдаровна,Строительство жилых и нежилых зданий,Джоотуманова Роза Айдаровна,Туманов,Жаныбай,,Министерство сельского хозяйства и мелиорации Кыргызской Республики,Директор Кыргызагробиоцентр
"Общественное объединение ""Дил-Нуру+""",Садабаева Венера Турдукожоевна,"Деятельность прочих общественных организаций, не включенных в другие группировки","Садабаева Венера Турдукожоевна, Экеева Мээрим Темирболотовна, Туманова Айзада Токтобаевна, Канаева Эльзат Кубатбековна, Бектемирова Кенжегуль Исмаиловна",Туманов,Жаныбай,,Министерство сельского хозяйства и мелиорации Кыргызской Республики,Директор Кыргызагробиоцентр
"Общество с ограниченной ответственностью ""Доминстрой""",Джоотуманова Роза Айдаровна,Строительство жилых и нежилых зданий,Джоотуманова Роза Айдаровна,Туманов,Жаныбай,,Министерство сельского хозяйства и мелиорации Кыргызской Республики,Директор Кыргызагробиоцентр
"Общество с ограниченной ответственностью ""Караван Экспресс""",Исманов Канатбек Акбарович,Деятельность такси по перевозке пассажиров,"Исманов Канатбек Акбарович, Туманова Самарбубу Ахмадовна",Туманов,Жаныбай,,Министерство сельского хозяйства и мелиорации Кыргызской Республики,Директор Кыргызагробиоцентр
"Общество с ограниченной ответственностью ""Qinq Xin"" (""Чин Син"")",Туманов Мирлан Келдибекович,Оптовая торговля прочими  непродовольственными  товарами потребительского назначения,"Туманов Мирлан Келдибекович, Дуан Янцай, Матиев Жолболды Кипчакбаевич",Туманов,Жаныбай,,Министерство сельского хозяйства и мелиорации Кыргызской Республики,Директор Кыргызагробиоцентр
"Общество с ограниченной ответственностью ""КЕНИЛ Групп""",Туманова Назира Бейшенбаевна,Оптовая неспециализированная торговля,Туманова Назира Бейшенбаевна,Туманов,Жаныбай,,Министерство сельского хозяйства и мелиорации Кыргызской Республики,Директор Кыргызагробиоцентр
"Общество с ограниченной ответственностью ""Охотстрой""",Дербишалиева Бубуайша Сейитмамытовна,,Дербишалиева Бубуайша Сейитмамытовна,Дербишалиев,Жаныбек,Сейитмамытович,Министерство сельского хозяйства и мелиорации Кыргызской Республики,Директор департамента химизации и защиты растений
"Общество с ограниченной ответственностью ""Альфа Инвест"" ",Бектурова Жылдыз Октябровна,Оптовая  торговля прочими строительными материалами  и санитарно-техническим оборудованием,"Бектурова Жылдыз Октябровна, Орузбаева Аида Нургазиевна, Мамбеткалиев Шакиралы, Дербишалиева Бубуайша Сейитмамытовна",Дербишалиев,Жаныбек,Сейитмамытович,Министерство сельского хозяйства и мелиорации Кыргызской Республики,Директор департамента химизации и защиты растений
"Общество с ограниченной ответственностью   ""Winterok"" (Винтерок)  ",Айдаралиев Алмасбек Алимбекович,"Производство пластмассовых изделий, используемых  строительстве. 25.23.0",Айдаралиев Алмасбек Алимбекович,Айдаралиев,Таалайбек,Алимбекович,Министерство сельского хозяйства и мелиорации Кыргызской Республики,Директор республиканской гос семенной инспекции
"Кыргызско-Китайское общество с ограниченной ответственностью ""Центр современных аграрных технологий""",Айдаралиев Таалайбек Алимбекович,,"Айдаралиев Таалайбек Алимбекович, Оморбекова Захифа Абасовна, Ли Цзиншуй, Джао Тепин",Айдаралиев,Таалайбек,Алимбекович,Министерство сельского хозяйства и мелиорации Кыргызской Республики,Директор республиканской гос семенной инспекции
"ОсОО ""Мусат""",Айдаралиев Алимбек Максуталиевич,,"Абдраимова Д.Ж., Айдаралиев Нурлан Алимбекович, Айдаралиев А.М.",Айдаралиев,Таалайбек,Алимбекович,Министерство сельского хозяйства и мелиорации Кыргызской Республики,Директор республиканской гос семенной инспекции
"ОО""Центр Пчеловодства""",Дуйшеналиев Жакшылык Байсбекович,,"Бейшеналиев Байболот Жанышович, Керималиев Талантбек  Калканович, Керималиев Жаныбек Калканович , Дуйшеналиев Жакшылык Байсбекович",Керималиев,Жаныбек,Калканович,Министерство сельского хозяйства и мелиорации Кыргызской Республики,Заместитель министра
"Общественное объединение ""Бакай-Ата коому""",Казаков Болсунбек Кумушбекович,"Деятельность прочих общественных организаций, не включенных в другие группировки","Казаков Болсунбек Кумушбекович, Рысалиев Зарылбек Кылычбекович, Торогельдиев Уланбек Тургунбекович, Ниязалиев Анарбек Тажиканович",Торогельдиев,Уланбек,Тургунбекович,Министерство сельского хозяйства и мелиорации Кыргызской Республики,Директор департамента пастбищ
"Общество с ограниченной ответственностью""Микрокредитная компания ""Эффект финанс"" ",Малабаева Сурмабубу Джумабековна,Предоставление кредита,"Джумабек уулу Турдубек, Малабаева Сурмабубу Джумабековна",Малабаев,Аргынбек,Джумабекович,Министерство транспорта и коммуникаций Кыргызской Республики,Министр
"Общество с ограниченной ответственностью ""Карбоз Гранд""",Малабаев Тургунбек Джумабекович,Оптовая торговля мясом и мясными продуктами,Малабаев Тургунбек Джумабекович,Малабаев,Аргынбек,Джумабекович,Министерство транспорта и коммуникаций Кыргызской Республики,Министр
"Общественный фонд ""Лаборатория поддержки гражданских инициатив""",Бекмуратов Улан Сатарович,"Деятельность прочих общественных организаций, не включенных в другие группировки",Бекмуратов Улан Сатарович,Бекмуратов,Анарбек,Сатарович,Министерство транспорта и коммуникаций Кыргызской Республики,Экс-директор гос агентства автомобильного и водного транспорта
Общественное объединение “Жашыл Ай Коому”   ,Сарыгулов Айбек Жамангулович,"Деятельность прочих общественных организаций, не включенных в другие группировки","Джороев Эркинбек Таирович, Омуралиев Эрмек Социалович, Жумаев Гульжигит Бекболотович, Даминов Нурланбек Наидрович, Алымбаев Бекназар Суеркулович, Сарлыкбек уулу Темирлан, Абдираимов Махаматсыдык Ырысбаевич, Толобеков Улукбек, Арынов Данияр Акматбекович, Сарыгулов Айбек Жамангулович, Эргешов Туйгунбай Окумович, Окенов Мирбек Турдубекович",Омуралиев,Эрмек,Социалович,Министерство транспорта и коммуникаций Кыргызской Республики,Директор агентства гражданской авиации
"ОсОО юридическая фирма ""ЛЭКС и КОНСАЛТИНГ""",Исаков Эрнест Абдыкасыевич,,Исаков Эрнест Абдыкасыевич,Исаков,Эркин,Абдыкасыевич,Министерство транспорта и коммуникаций Кыргызской Республики,Экс-директор агентства гражданской авиации
"Национал-демократическая партия ""Улуу Биримдик""",Каптагаев Эмилбек Саламатович,деятельность политических организаций,"Мамбетов Болот Саткынович, Кудайбергенов Бактыбек Жапарович, Булатов Эсен Эмисович, Турсуналиева Назгул Жумгалбековна, Каптагаев Эмилбек Саламатович, Давузов Фарид Каримович, Сулайманов Дениз Зарлыкович, Малабекова Жийдекан Койчумановна, Исмаилов Кубанычбек Искакович, Олжонов Жумалы Шералиевич",Сулайманов,Дениз,Зарлыкович,Министерство транспорта и коммуникаций Кыргызской Республики,Директор гос агентства автомобильного и водного транспорта
"Общественное объединение ""Коммунистическая партия Кыргызстана""",Ажыбекова Клара Ажыбековна,Деятельность политических организаций,"Абдрасилов Абдрахим Акчалович, Ажыбекова Клара Ажыбековна, Аманбаев Джумгалбек Бексултанович, Исабекова Саадат Болотбековна, Корчубеков Садыр Корчубекович, Михайлов Олег Павлович, Медетова Бюбюра, Новиков Валерий Викторович, Сулайманов Дениз Зарлыкович, Усупбаев Анарбек Чолпонкулович",Сулайманов,Дениз,Зарлыкович,Министерство транспорта и коммуникаций Кыргызской Республики,Директор гос агентства автомобильного и водного транспорта
"Общественный фонд ""Издательский Дом Кут Билим""",Чекиров Кубатбек Асангазиевич,Деятельность общественных организаций (объединений) в области филантропии и поощрения добровольной деятельности,"Турдубаев Жолдошбай Самиевич, Сулайманов Мелисбек Зарлыкович, Чекиров Кубатбек Асангазиевич, Табалдиева Анаркуль Темирбековна, Каниметова Айнура Тобокеловна, Какиева Эльвира Курманкалиевна, Кийизбаева Чолпон Кудайбергеновна, Аманбаева Мейискан Арууновна, Жусубалиева Анийпа Калдибаевна, Кашыбаева Айнагул Супатаевна, Токторов Майрамбек Кайыпович, Абдылдаев Искендер",Сулайманов,Дениз,Зарлыкович,Министерство транспорта и коммуникаций Кыргызской Республики,Директор гос агентства автомобильного и водного транспорта
"Общество с Ограниченной Ответственностью ""Гранит-Юг""",Турганбаев Абабакир Кыштакбаевич,,"Султанов Калыкбек Иманалиевич (вышел из состава участ.), Турганбаев Абабакир Кыштакбаевич, Мамадинов Мамбеткул, Сулайманов Эльдар Нурланович (вышел из состава участ.), Жалалова Муяссархон вышла, Шатманов Самат Асылбекович",Султанов,Калыкбек,Иманалиевич,Министерство транспорта и коммуникаций Кыргызской Республики,Экс-министр 
"ОсОО ""КОМЕРСАНТ""",Султанов Калыбек Иманалиевич,,"Султанов Калыкбек Иманалиевич, Бакиров Ысламидин Жаныбаевич",Султанов,Калыкбек,Иманалиевич,Министерство транспорта и коммуникаций Кыргызской Республики,Экс-министр 
"ОФ ""Shake Hand charity found"" (""Шейк Хэнд Шерити Фонд"") (ИУ-Пакистан)",Султанов Калыкбек Иманалиевич,,"Халид Парвез, Султанов Калыкбек Иманалиевич",Султанов,Калыкбек,Иманалиевич,Министерство транспорта и коммуникаций Кыргызской Республики,Экс-министр 
"ОсОО ""Строительная компания ""Авангард Стиль""",Минкеев Эрнис Ихсанович,"Строительство прочих объектов гражданского назначения, в другом месте не поименованных","Султанов Темирланбек Калыбекович, Султанов Калыкбек Иманалиевич(Вышел из состава участников)",Султанов,Калыкбек,Иманалиевич,Министерство транспорта и коммуникаций Кыргызской Республики,Экс-министр 
"ОсОО ""Берекетстрой""",Султанов Калыкбек Иманалиевич,,"Производственно-коммерческое ОсОО "" БЕРЕКЕТ "", Султанов Калыкбек Иманалиевич, Кульматов Тимур Ринатович",Султанов,Калыкбек,Иманалиевич,Министерство транспорта и коммуникаций Кыргызской Республики,Экс-министр 
"ОсОО ""Строительная компания ""Авангард Стиль""",Султанов Темирланбек Калыкбекович,"Строительство прочих объектов гражданского назначения, в другом месте не поименованных","Султанов Темирланбек Калыбекович, Султанов Калыкбек Иманалиевич(Вышел из состава участников)",Султанов,Калыкбек,Иманалиевич,Министерство транспорта и коммуникаций Кыргызской Республики,Экс-министр 
"Общество с ограниченной ответственностью ""Рекламная компания Медиа Кенч Сервис""",Имияминова Роза Дарибаевна ,Деятельность рекламных агентств,Мамырканов Эрнис Турсункадырович,Мамырканов,Эрнис,Турсункадырович,Министерство транспорта и коммуникаций Кыргызской Республики,Заместитель министра
"Общественное обьединение ""Ошский Ресурсный Центр Средств Массовой информации""",Мамырканов Эрнис Турсункадырович,Деятельность СМИ по предоставлению рекламных услуг,"Хамидов Алишер Ахмаджанович, Мамырканов Эрнис Турсункадырович, Исакбаева Бермет Аскербековна, Гафарова Гульчечак Гадильжановна, Хозяинова Анастасия Владимировна, Хайтбаев Константин Султанович, Аднаева Ыкывал Патаевна, Капкаев Лунир Ахмедович, Халилова Эльмира Наримановна",Мамырканов,Эрнис,Турсункадырович,Министерство транспорта и коммуникаций Кыргызской Республики,Заместитель министра
"Общественное Объединение ""Ошский Ресурсный Центр Средств Массовой Информации""",Мамырканов Эрнис Турсункадырович,"Прочая деятельность по информационному обслуживанию, не включенная в другие группировки","Граждане Кыргызской Республики согластно списку инициативной группы, Хамидов Алишер Ахмаджанович, Халилова Элмира Наримановна, Хайтбаев Константин Султанович, Мамырканов Эрнис Турсункадырович, Токсонбаев Алишер Самудунович, Исакбаева Бермет Аскербековна, Аднаева Ыкыбал Патаевна, Гафарова Гульчечак Гадильжановна, Капкаев Лунир Ахмедович, Хозяинова Анастасия Владимировна",Мамырканов,Эрнис,Турсункадырович,Министерство транспорта и коммуникаций Кыргызской Республики,Заместитель министра
"Общественный фонд ""Международный центр культуры""",Базарбаев Чолпонбек Базарбаевич,"Деятельность прочих общественных организаций, не включенных в другие группировки","Совместное Кыргызско-Казахское ОсОО ""Русто-Рости"", Базарбаев Чолпонбек Базарбаевич",Базарбаев,Кудайберген,Базарбаевич,Министерство труда и социального развития Кыргызской Республики,Министр
"Учреждение ""Школа танца имени Ч.Базарбаева""",Базарбаев Чолпонбек Базарбаевич,,Базарбаев Чолпонбек Базарбаевич,Базарбаев,Кудайберген,Базарбаевич,Министерство труда и социального развития Кыргызской Республики,Министр
"Сельскохозяйственный кооператив ""Малжан Байлыгы""",Базарбаев Эсенбек Базарбаевич,Растениеводство в сочетании с животноводством,"Базарбаев Эсенбек Базарбаевич, Кыдыралиева Гулзина Сагынбековна, Итибаев Замирбек Токтобекович, Курманова Батмабубу Усупаевна, Кашкариев Бакытбек Борошович, Борукеев Адилет Джумабекович, Токтосунов Нышан Бекжанович",Базарбаев,Кудайберген,Базарбаевич,Министерство труда и социального развития Кыргызской Республики,Министр
"Общественный фонд ""Международный институт общественного мнения""",Гречанная Марина Викторовна,"Деятельность прочих общественных организаций, не включенных в другие группировки",Базарбаев Кудайберген Базарбаевич,Базарбаев,Кудайберген,Базарбаевич,Министерство труда и социального развития Кыргызской Республики,Министр
"Общество с ограниченной ответственностью ""Амадэль""",Жекшенова Адина Жекшеновна ,Прочая деятельность туристических агентств,Жекшенова Адина Жекшеновна ,Жекшенов,Бактыбек,Жекшенович,Министерство труда и социального развития Кыргызской Республики,Статс-секретарь
"Малое предприятие ""Демоор"" ",Куйкеев Эрик Асанович ,Оптовая неспециализированная торговля,Куйкеев Эрик Асанович ,Куйкеев,Эрик,Асанович,Министерство труда и социального развития Кыргызской Республики,Заместитель министра
"Малое предприятие ""Жалын""",Куйкеев Эрик Асанович,Оптовая неспециализированная торговля,Куйкеев Эрик Асанович,Куйкеев,Эрик,Асанович,Министерство труда и социального развития Кыргызской Республики,Заместитель министра
"Общество с ограниченной ответственностью ""INTERNATIONAL EDUCATIONAL INSTITUTE"" (Интернэшнл эдукейшнл институт)",Каденова Зууракан Ажимаматовна,"Прочая деятельность в области образования, не включенная в другие группировки",Каденова Зууракан Ажимаматовна,Каденова,Зууракан,Ажимаматовна,Министерство труда и социального развития Кыргызской Республики,Заместитель министра
"Общество с ограниченной ответственностью ""Караван Трейд""",Барановский Владимир Григорьевич,50.50.0 рознечная торговля моторным маслом,Базарбаева Анарбубу Сатыбековна,Базарбаев,Нурдоолот,Сатыбекович,Министерство труда и социального развития Кыргызской Республики,Директор департамента соц обеспечения
"Общество с ограниченной ответственностью ""DIM TRANS"" (Дим Транс)",Базарбаева Анарбубу Сатыбековна,Оптовая неспециализированная торговля,Базарбаева Анарбубу Сатыбековна,Базарбаев,Нурдоолот,Сатыбекович,Министерство труда и социального развития Кыргызской Республики,Директор департамента соц обеспечения
"Общественное объединение ""Федерация настольного тенниса среди инвалидов""",Аскаров Нурлан Аскарович,"Деятельность прочих общественных организаций, не включенных в другие группировки","Аскаров Нурлан Аскарович, Маматкаипова Гулия Алымбековна, Кайыпов Малдыбай, Базарбаев Нурдоолот Сатыбекович",Базарбаев,Нурдоолот,Сатыбекович,Министерство труда и социального развития Кыргызской Республики,Директор департамента соц обеспечения
"Политическая Социал-демократическая партия ""Народное Согласие""",Джусупбекова Замира Мырсабековна,деятельность политических организаций,"Акназарова Роза Корчубекона, Базаркулов Улан Аскарбекович, Доспаев Корчубек Османович, Джусупбекова Замира Мырсабековна, Жусупов  Урматбек Токтомаметович, Мамырбеков Таштанбек Масалбекович, Молдокулов Курманбек Токторович, Орозалиев Керим Керимкулович, Юсупов Тимур Тологонович, Тойчиев Динис Эркинович, Чолпонкулов Таалай Аскарбекович",Чолпонкулов,Таалайбек,Аскарбекович,"Министерство труда, миграции и молодежи Кыргызской Республики",Директор агентства ПТО
"Общество с ограниченной ответственностью  ""Микрокредитная компания ""Диалог-Кредит""",Мамытов Марат Абдувахабович,Предоставление кредита,"Мамытов Марат Абдувахабович, Чолпонкулова Айнура Аскарбековна",Чолпонкулов,Таалайбек,Аскарбекович,"Министерство труда, миграции и молодежи Кыргызской Республики",Директор агентства ПТО
"Общественный благотворительный фонд ""МАККА АЛЬ-ХАЙРИЯ""",Нуралиев Марат Абдыкеримович,"Деятельность прочих общественных организаций, не включенных в другие группировки","Ойтемиров Мадали Джалилович, Нуралиев Марат Абдыкеримович, Ниязов Бакытбек Асраркулович",Нуралиев,Марат,Абдыкеримович,"Министерство труда, миграции и молодежи Кыргызской Республики",Экс-заместитель министра
"Общественное объединение ""Таласская областная федерация кыргыз курош""     ",Бекмурзаев Доскул Джумагулович,Прочая спортивная деятельность,"Бекмурзаев Доскул Джумагулович, Уметалиев Эркинбек Багышбекович, Турусбеков Айдар Темирбекович",Бекмурзаев,Доскул,Джумагулович,"Министерство труда, миграции и молодежи Кыргызской Республики",Экс-заместитель министра
